"INP_EMR_PARAM_ID","INP_EMR_PARAM_NO","INP_EMR_PARAM_NAME","INP_EMR_PARAM_CONTENT","INP_EMR_PARAM_DESC","ENABLED_FLAG","DEPT_ID","INP_EMR_PARAM_TYPE_NO","INP_EMR_PARAM_VALUE_TYPE_NO","HOSPITAL_SOID","IS_DEL","CREATED_AT","MODIFIED_AT","CREATED_BY","MODIFIED_BY","INP_EMR_PARAM_GROUP_NO","PARAM_VALUE"
"5722100919992009934","256194","普通药品","orderItemContent","普通药品","98360","11","emr_order_content_config","text","991827","0","2024-04-22 20:16:58","2024-04-22 20:16:58","57393667239307269","57393667239307269","",""
"5722100919992009935","256195","输液医嘱","orderItemContent","输液医嘱","98360","11","emr_order_content_config","text","991827","0","2024-04-22 20:16:58","2024-04-22 20:16:58","57393667239307269","57393667239307269","",""
"5722100919992009937","256197","检验医嘱","orderItemContent","检验医嘱","98360","11","emr_order_content_config","text","991827","0","2024-04-22 20:16:58","2024-04-22 20:16:58","57393667239307269","57393667239307269","",""
"5722100919992009938","256198","检查医嘱","orderItemContent","检查医嘱","98360","11","emr_order_content_config","text","991827","0","2024-04-22 20:16:58","2024-04-22 20:16:58","57393667239307269","57393667239307269","",""
"5722100919992009939","256199","治疗医嘱","orderItemContent","治疗医嘱","98360","11","emr_order_content_config","text","991827","0","2024-04-22 20:16:58","2024-04-22 20:16:58","57393667239307269","57393667239307269","",""
"5722100919992009940","256200","手术医嘱","orderItemContent","手术医嘱","98360","11","emr_order_content_config","text","991827","0","2024-04-22 20:16:58","2024-04-22 20:16:58","57393667239307269","57393667239307269","",""
"5722100919992009941","384030","病理医嘱","orderItemContent","病理医嘱","98360","11","emr_order_content_config","text","991827","0","2024-04-22 20:16:58","2024-04-22 20:16:58","57393667239307269","57393667239307269","",""
"5722100919992009942","384031","用血医嘱","orderItemContent","用血医嘱","98360","11","emr_order_content_config","text","991827","0","2024-04-22 20:16:58","2024-04-22 20:16:58","57393667239307269","57393667239307269","",""
"5722100919992009943","384032","膳食医嘱","orderItemContent","膳食医嘱","98360","11","emr_order_content_config","text","991827","0","2024-04-22 20:16:58","2024-04-22 20:16:58","57393667239307269","57393667239307269","",""
"5722100919992009944","384033","护理医嘱","orderItemContent","护理医嘱","98360","11","emr_order_content_config","text","991827","0","2024-04-22 20:16:58","2024-04-22 20:16:58","57393667239307269","57393667239307269","",""
"5722100919992009945","384034","卫材医嘱","orderItemContent","卫材医嘱","98360","11","emr_order_content_config","text","991827","0","2024-04-22 20:16:58","2024-04-22 20:16:58","57393667239307269","57393667239307269","",""
"5722100919992009946","384035","嘱托","orderItemContent","嘱托","98360","11","emr_order_content_config","text","991827","0","2024-04-22 20:16:58","2024-04-22 20:16:58","57393667239307269","57393667239307269","",""
"5722100919992009947","384036","会诊医嘱","orderItemContent","会诊医嘱","98360","11","emr_order_content_config","text","991827","0","2024-04-22 20:16:58","2024-04-22 20:16:58","57393667239307269","57393667239307269","",""
"5722100919992009949","399392410","中成药医嘱","orderItemContent","中成药医嘱","98360","11","emr_order_content_config","text","991827","0","2024-04-22 20:16:58","2024-04-22 20:16:58","57393667239307269","57393667239307269","",""
"5722100919992009948","991421","患者流转","orderItemContent","患者流转","98360","11","emr_order_content_config","text","991827","0","2024-04-22 20:16:58","2024-04-22 20:16:58","57393667239307269","57393667239307269","",""
"5722100919992009965","ADMITTED_CANCEL_DEL_CODE","新患者入区取消是否自动删除病历、病历簿","false","说明：新患者入区取消是否自动删除病历、病历簿，值：{是；否}；默认否","98360","","common","boolean","991827","0","2024-04-22 20:16:58","2024-04-22 20:16:58","57393746696202243","57393746696202243","57393746696202243",""
"221383422926547017","AGENT_SIGNATURE","代签名科室","0","代签名科室","98360","","emr_review","EnumerationMultiSelect","991827","0","2024-04-22 20:16:58","2024-04-22 20:16:58","","","",""
"121383422926552024","ANTIMICROBIAL_AGENTS_DATA_SET","抗菌药物会诊","0","抗菌药物绑定的会诊申请模板","98360","1","inpatient_consult_template","enumeration","991827","0","2024-04-22 20:16:58","2024-04-22 20:16:58","0","57393570602543106","",""
"5722100919992009950","APPLY_DEPT_CONTAIN_CONSULT_TEAM","邀请对象组件里显示团队的会诊分类（支持复选）","399670173,399661817","邀请对象组件里显示团队的会诊分类（支持复选）","98360","0","inpatient_consult_base_new","EnumerationMultiSelect","991827","0","2024-04-22 20:16:58","2026-02-03 16:52:44","","414889225851453440","apply_tab_reply",""
"222383422929876234","APPOINT_DIRECTOR_REVIEW_MONITORING","指定科主任审签的病历监控类型","125044676345811010","指定科主任审签的病历监控类型","98360","1","emr_review","EnumerationMultiSelect_MONITORING","991827","0","2024-07-11 15:28:49","2025-02-21 14:52:19","57393746696202243","366672780525256705","",""
"222383422926531931","ASSIGN_OPERATION_NOTE_REVIEW_MONITORING","指定手术医生审签的病历监控类型","125044678493294608,125044678493294640,201111183149915903,125044678493294646,125044678493294648,125044678493294650,125044678493294682","指定手术医生审签的病历监控类型","98360","1","emr_review","EnumerationMultiSelect_MONITORING","991827","0","2024-05-28 09:10:24","2025-02-10 22:26:57","57393746696202243","255480612717443072","",""
"432383422926591271","ASSISTANCE_NOT_REFERENCED_COLOR","设置辅助区未引用数据的文字颜色","#000000","设置辅助区未引用数据的文字颜色，值：默认黑色","98360","","assistance_config","COLOUR","991827","0","2025-03-25 10:30:56","2025-04-21 10:08:15","57393746696202243","57393746696202243","",""
"432383422926591273","ASSISTANCE_REFERENCED_COLOR","设置辅助区已引用数据的文字颜色","#999999","设置辅助区已引用数据的文字颜色，值：默认灰色","98360","","assistance_config","COLOUR","991827","0","2025-03-25 10:30:56","2025-04-21 10:08:15","57393746696202243","57393746696202243","",""
"221383522926547289","ASSISTANCE_REPORT_BTN","医技报告【报告调阅】按钮是否显示","1","医技报告【报告调阅】按钮是否显示 PARAMSELECTIONS[1:是,0:否]","98360","","assistance_config","EnumerationSelect","991827","0","2025-02-10 20:57:04","2025-02-10 20:57:04","10007","10007","",""
"333283885556363001","AT001","自动归档提醒时间范围","1","本参数用于定义系统发送​​自动归档提醒​​或​​病历缺陷提醒​​的提前时间量，单位：天。 PARAMSELECTIONS[0:0,1:1,2:2,3:3,4:4,5:5]","98360","","archive_tips","EnumerationSelect","991827","0","2025-10-13 18:37:08","2025-10-31 22:37:32","255481783078281216","255481783078281216","",""
"333283885556363002","AT002","患者归档提醒的病历查询范围","1,2","患者归档提醒的病历查询范围，值：{未签名，待书写} PARAMSELECTIONS[1:未签名,2:待书写]","98360","","archive_tips","EnumerationMultiSelect","991827","0","2025-10-13 18:37:08","2025-10-31 22:37:32","255481783078281216","255481783078281216","",""
"333283885556363003","AT003","患者归档提醒的发送人","1,2","患者归档提醒的发送人 PARAMSELECTIONS[1:住院医生,2:主治医生,3:质控医生]","98360","","archive_tips","EnumerationMultiSelect","991827","0","2025-10-13 18:37:08","2025-10-31 22:37:32","255481783078281216","255481783078281216","",""
"333283885556363004","AT004","归档前病历缺项是否短信提醒病案协调员","false","归档前病历缺项是否短信提醒病案协调员","98360","","archive_tips","boolean","991827","0","2025-10-13 18:37:09","2025-10-31 22:37:32","255481783078281216","255481783078281216","",""
"2133834229265469331","AUTO_REQUIRE_MEDICAL_STAFF_ORDER","自动获取医务院总名单","false","自动获取医务院总名单","98360","","employee_mapping","boolean","991827","0","2024-07-21 12:11:28","2026-01-20 21:54:20","","368149020914434048","",""
"632937928725192969","BLOOD_125044676345811012","输血病程记录","{""inpatEtlMonitorTypeId"":""125044676345811012"",""type"":""1"",""scource"":"""",""status"":98361}","输血病程记录","98360","","inp_emr_sync_data","text","991827","0","2025-02-10 22:26:16","2025-10-30 13:12:35","57393746696202243","366672780525256705","",""
"632937928725192970","BLOOD_125044676345811014","输血后病程记录","{""inpatEtlMonitorTypeId"":""125044676345811014"",""type"":""1"",""scource"":""3,4"",""status"":98361}","输血后病程记录","98360","","inp_emr_sync_data","text","991827","0","2025-02-10 22:26:16","2025-09-02 16:50:31","57393746696202243","436436696671019009","",""
"632937928725192968","BLOOD_125044676345811016","输血前病程记录","{""inpatEtlMonitorTypeId"":""125044676345811016"",""type"":""0"",""scource"":""3,4"",""status"":98361}","输血前病程记录","98360","","inp_emr_sync_data","text","991827","0","2025-02-10 22:26:16","2025-09-02 16:50:32","57393746696202243","436436696671019009","",""
"632937928725192967","BLOOD_125044678493294684","输血同意书","{""inpatEtlMonitorTypeId"":""125044678493294684"",""type"":""0"",""scource"":""1,3,4"",""status"":98360}","输血同意书","98360","","inp_emr_sync_data","text","991827","0","2025-02-10 22:26:16","2025-10-30 13:12:23","57393746696202243","366672780525256705","",""
"7733100919992024952","BLOOD_RECORD_INTERFACE","辅助录入-输血记录","{""typeValue"":""fastOpen"",""value"":""12345678""}","辅助录入输血记录中调接口获取数据","98360","","interface_setting","text","991827","0","2026-04-15 11:03:59","2026-04-20 13:32:00","1491538","365887153697406977","",""
"233283456546350002","BORROW001","病案借阅是否开启与卫宁60病案系统对接模式","true","病案借阅是否开启与卫宁60病案系统对接模式","98360","","medical_borrow","boolean","991827","0","2024-04-22 20:16:58","2025-07-27 21:08:25","57393746696202243","366672780525256705","",""
"233283456552310001","BORROW002","病案借阅不需要审批的科室","0000","配置的科室，申请的借阅不需要审批","98360","","medical_borrow","EnumerationMultiSelect","991827","0","2024-04-22 20:16:58","2025-07-27 21:08:37","57393746696202243","366672780525256705","",""
"233283456556350001","BORROW003","是否开启病案借阅自动审批","false","是否开启病案借阅自动审批，选项值{是，否}，默认为否；","98360","","medical_borrow","boolean","991827","0","2024-04-22 20:16:58","2024-04-22 20:16:58","57393746696202243","255481783078281216","",""
"233283456546350003","BORROW_PROCESS","借阅审核控制设置","multiple_audit","点编辑进入审核设置进行设置审核流程","98360","","borrow_process","","991827","0","2024-04-22 20:16:58","2024-04-22 20:16:58","57393746696202243","57393746696202243","",""
"221383422926547019","CA_SIGNATURE","是否启用CA签名","false","是否启用CA签名","98360","","signature_param","boolean","991827","0","2024-04-22 20:16:58","2026-03-30 19:07:47","","365887153697406977","",""
"121383422926547010","CHART_SCORE1","内科VTE量表高危值","4","内科VTE量表判定大于等于设置值为高危，需刷新VTE标签","98360","","common","number","991827","0","2024-04-22 20:16:58","2024-04-22 20:16:58","","57393746696202243","",""
"121383422926547011","CHART_SCORE2","外科VTE量表高危值","5","外科VTE量表判定大于等于设置值为高危，需刷新VTE标签","98360","","common","number","991827","0","2024-04-22 20:16:58","2024-04-22 20:16:58","","57393746696202243","",""
"5723092716992009958","CHOOSE_THRID_STAGE_DOCOTOR","指定医师查房病历创建是否默认选中三级医师","false","指定医师查房病历创建是否默认选中三级医师  默认否","98360","0","basic_setting","boolean","991827","0","2024-04-22 20:16:58","2024-04-22 20:16:58","1","255480612717443072","",""
"121383422926546973","CL004","撤销归档审核控制设置","single_audit","1、科主任审核；2、医务科审核；3、病案室审核。  撤销归档的审核节点勾选后为启用。默认值为多级审核","98360","","archive_process","","991827","0","2024-04-22 20:16:58","2025-10-15 16:10:48","","365887153697406977","",""
"121383422926546978","CL011","主诊断名称格式","11","主诊断名称格式：{序号}.{名称}","98360","","diagnosis_format_main","number","991827","0","2024-04-22 20:16:58","2024-04-22 20:16:58","","57393746696202243","",""
"121383422926546979","CL012","从诊断名称格式","15","从诊断名称格式：{}{名称}，{}代表一个空格，设置时不需要加括号","98360","","diagnosis_format_slave","number","991827","0","2024-04-22 20:16:58","2024-04-22 20:16:58","","57393746696202243","",""
"121383422926546980","CL013","中医主诊断名称格式","12","中医主诊断名称格式：{序号}.{名称}","98360","","diagnosis_format_main","number","991827","0","2024-04-22 20:16:58","2024-04-22 20:16:58","","","",""
"121383422926546981","CL014","中医从诊断名称格式","14","中医从诊断名称格式：{}{名称}，{}代表一个空格，设置时不需要加括号","98360","","diagnosis_format_slave","number","991827","0","2024-04-22 20:16:58","2024-04-22 20:16:58","","","",""
"121383422926546982","CL015","中医证候诊断方式","16","1：病症一起排序，如：1**病，2**症；  2：并显示序号，症不显示序号，如：1**病，**症；  3：病显示序号，症在病后括号内显示，如：1**病（**症）","98360","","diagnosis_format_syndrome","number","991827","0","2024-04-22 20:16:58","2024-04-22 20:16:58","","","",""
"121383422926546983","CL016","诊断的排序方式","19","1.横排；2.纵排","98360","","diagnosis_order_type","number","991827","0","2024-04-22 20:16:58","2024-04-22 20:16:58","","57393746696202243","",""
"121383422926546985","CL017","初步诊断的数据取值默认参数","991323","初步诊断的数据取值默认参数","98360","","in_diagnosis_contain","EnumerationMultiSelect","991827","0","2024-04-22 20:16:58","2024-04-22 20:16:58","","57393746696202243","",""
"121383422926546986","CL018","出院诊断的数据取值默认参数","256917","出院诊断的数据取值默认参数","98360","","in_diagnosis_contain","EnumerationSelect","991827","0","2024-04-22 20:16:58","2024-04-22 20:16:58","","57393746696202243","",""
"121383422926546987","CL019","死亡诊断的数据取值默认参数","991331","死亡诊断的数据取值默认参数","98360","","in_diagnosis_contain","EnumerationSelect","991827","0","2024-04-22 20:16:58","2024-04-22 20:16:58","","57393746696202243","",""
"121383422926546988","CL020","术前诊断的数据取值默认参数","991326","术前诊断的数据取值默认参数","98360","","in_diagnosis_contain","EnumerationSelect","991827","0","2024-04-22 20:16:58","2024-04-22 20:16:58","","57393746696202243","",""
"121383422926546989","CL021","术后诊断的数据取值默认参数","991328","术后诊断的数据取值默认参数","98360","","in_diagnosis_contain","EnumerationSelect","991827","0","2024-04-22 20:16:58","2024-04-22 20:16:58","","57393746696202243","",""
"121383422926556992","CL022","术中诊断的数据取值默认参数","991327","术中诊断的数据取值默认参数","98360","","in_diagnosis_contain","EnumerationSelect","991827","0","2024-04-22 20:16:58","2024-04-22 20:16:58","","57393746696202243","",""
"121383422926556993","CL023","目前诊断的数据取值默认参数","991330","目前诊断的数据取值默认参数","98360","","in_diagnosis_contain","EnumerationSelect","991827","0","2024-04-22 20:16:58","2024-04-22 20:16:58","","57393746696202243","",""
"232383422926547224","CL024","入院记录上诊断区域是否支持可编辑","false","入院记录上诊断区域是否支持可编辑","98360","","common","boolean","991827","0","2024-04-22 20:16:58","2024-04-22 20:16:58","57393746696202243","57393746696202243","",""
"232383422926547225","CL025","入院记录上诊断同步方式","2","入院记录上诊断同步方式：1.不提醒；2.提醒同步；3.强制同步","98360","","in_diagnosis_contain","EnumerationSelect","991827","0","2024-04-22 20:16:58","2025-02-17 10:34:26","57393746696202243","366672780525256705","",""
"232383422926547226","CL026","补充诊断每次插入是否重新编号","false","为否时，不重新编码，补充诊断序号按照已插入的诊断开始计算，如：已经插入1和2，再次插入的诊断从3开始显示；为是时，重新从1开始编码","98360","","in_diagnosis_contain","boolean","991827","0","2024-04-22 20:16:58","2026-02-09 15:38:10","57393746696202243","57393746696202243","",""
"421383422921557137","CL027","患者入院记录中超过三日未有确定诊断是否提醒；默认否","false","患者入院记录中超过三日未有确定诊断是否提醒；默认否","98360","","in_diagnosis_contain","boolean","991827","0","2024-04-22 20:16:58","2024-04-22 20:16:58","57393746696202243","57393746696202243","",""
"431385723924343356","CL028","病历中诊断弹框是否启用关闭功能","true","病历中诊断弹框是否启用关闭功能，是：启用，显示关闭“×”按钮，否：不启用，不显示关闭“×”按钮","98360","","in_diagnosis_contain","boolean","991827","0","2024-04-22 20:16:58","2024-04-22 20:16:58","","57393746696202243","",""
"331385744424343360","CL029","入院记录诊断样式中的诊断日期是否支持编辑","true","参数开启，支持医生在病历文书中修改日期；参数关闭，不支持医生在病历文书中修改日期。","98360","","in_diagnosis_contain","boolean","991827","0","2024-04-22 20:16:58","2024-04-22 20:16:58","57393746696202243","57393746696202243","",""
"221383422926547036","CL031","入院记录诊断样式中的诊断日期是否需要更新","true","选择是，病历每次修改诊断都更新诊断引入时间；选择否，诊断首次添加到病历后获取到诊断引入时间就不再更新  值：｛是，否｝；默认是","98360","","in_diagnosis_contain","boolean","991827","0","2024-04-22 20:16:58","2024-04-22 20:16:58","1","57393746696202243","",""
"121393423926546986","CL032","引入病历时固定为默认值的诊断类型","0000","打开诊断弹窗引用到病历时，始终取默认值的诊断类型，{出院诊断，死亡诊断}；默认无，可多选","98360","","in_diagnosis_contain","EnumerationMultiSelect","991827","0","2024-04-22 20:16:58","2024-04-22 20:16:58","10","10","",""
"121323433926546987","CL033","需要显示诊断编码的监控类型","0000","需要显示诊断编码的监控类型","98360","","in_diagnosis_contain","EnumerationMultiSelect_MONITORING","991827","0","2024-04-22 20:16:58","2024-04-22 20:16:58","10","10","",""
"5722100919992009967","CL034","修正诊断是否只需要最后一位引入修正诊断的签名","false","说明：修正诊断是否只需要最后一位引入修正诊断的签名，设置值：是/否，默认为否","98360","","in_diagnosis_contain","boolean","991827","0","2024-04-22 20:16:58","2024-04-22 20:16:58","57393746696202243","255480612717443072","57393746696202243",""
"5722100929992009967","CL035","手动插入的诊断是否需要在诊断类型后换行","false","手动插入的诊断是否需要在诊断类型后换行 值：{是，否}；默认否","98360","","in_diagnosis_contain","boolean","991827","0","2024-07-21 11:33:44","2024-07-21 11:33:44","57393746696202243","255480612717443072","57393746696202243",""
"5722100929992009968","CL036","病历中中医诊断和西医诊断的排序","1","病历中中医诊断和西医诊断的排序 PARAMSELECTIONS[1:中医诊断在前，西医诊断在后,2:西医诊断在前，中医诊断在后]","98360","","in_diagnosis_contain","EnumerationSelect","991827","0","2025-02-10 22:38:10","2025-02-10 22:38:10","10007","255480612717443072","57393746696202243",""
"431385723927653611","CL037","是否启用ICD-11诊断体系版本","false","是否启用ICD-11诊断体系版本","98360","","in_diagnosis_contain","boolean","991827","0","2025-02-10 22:24:29","2025-02-10 22:24:29","57393746696202243","57393746696202243","",""
"221323433951937215","CL038","默认只加载主诊断的病历监控类型","0000","创建病历时，默认只加载主诊断的病历监控类型","98360","","in_diagnosis_contain","EnumerationMultiSelect_MONITORING","991827","0","2025-02-10 21:00:25","2025-02-10 23:35:48","10","149383352011524098","",""
"6733100919992030002","CL042","最后诊断的数据取值默认参数"," ","最后诊断的数据取值默认参数","98360","","in_diagnosis_contain","EnumerationSelect","991827","0","2026-02-02 08:00:34","2026-02-02 08:00:34","1447599","1447599","",""
"121383422926546998","COMMON003","病历自动保存时间间隔","60","通过时间设置，控制医师书写病历文书的自动保存的时间间隔(秒)","98360","","common","number","991827","0","2024-04-22 20:16:58","2025-09-23 18:13:46","","366672780525256705","",""
"121383422926547000","COMMON005","病历记录时间往前推移几天","36","病历记录时间往前推移几天","98360","","basic_setting","number","991827","0","2024-04-22 20:16:58","2024-04-22 20:16:58","","57393746696202243","",""
"121383422926547001","COMMON006","病历记录时间推后几天","5","病历记录时间推后几天","98360","","basic_setting","number","991827","0","2024-04-22 20:16:58","2024-04-22 20:16:58","","57393746696202243","",""
"121383422926547002","COMMON007","支持修改病历时间的病历分类","121383422926546946","设置值的下拉选项修改为病历分类，支持多选,选中的分类才允许修改病历时间","98360","1","basic_setting","EnumerationMultiSelect","991827","0","2024-04-22 20:16:58","2024-04-22 20:16:58","57393746696202243","57393746696202243","",""
"121383422926547003","COMMON008","要求申请科室协助答复的会诊类型","399622370","是否要求申请科室协助答复。是：开启，否：关闭。","98360","","inpatient_consult_base_new","EnumerationMultiSelect","991827","0","2024-04-22 20:16:58","2026-02-05 16:22:43","","365887153697406977","apply_tab_reply",""
"121383422926547006","COMMON010","会诊完成后是否开启填写评价。","true","会诊完成后是否开启填写评价。是：开启，否：关闭","98360","","inpatient_consult_base","boolean","991827","0","2024-04-22 20:16:58","2024-04-22 20:16:58","","","",""
"121383422926547008","COMMON012","是否启用自研","true","开起启用自研编辑器不开启是都昌","98360","","common","boolean","991827","0","2024-04-22 20:16:58","2024-04-22 20:16:58","","237479425484718080","",""
"121383422926547009","COMMON013","输入法开关","true","开启输入法开关","98360","","common","boolean","991827","0","2024-04-22 20:16:58","2024-04-22 20:16:58","","57393746696202243","",""
"232383422926547021","COMMON015","个人模板需要审核的业务节点","0000","个人模板需要审核的业务节点 PARAMSELECTIONS[0000:无,1:另存我的模板,2:共享模板]","98360","","common","EnumerationSelect","991827","0","2024-04-22 20:16:58","2026-01-08 17:31:56","","365887153697406977","",""
"221346822910457017","COMMON017","输入法启用科室","0000","通过参数配置哪些科室启用输入法","98360","","common","EnumerationMultiSelect","991827","0","2024-04-22 20:16:58","2024-04-22 20:16:58","","57393746696202243","",""
"233283456546347098","COMMON018","入院次数统计方式（默认取就诊）","true","是：就诊次数统计（默认值）否：按病种统计  ","98360","","common","boolean","991827","0","2024-04-22 20:16:58","2024-04-22 20:16:58","","57393746696202243","",""
"121383422926547214","COMMON020","允许科室的同级别的上级医师审签下级医师提交的病历文书","0","勾选的科室，允许科室的同级别的上级医师审签下级医师提交的病历文书，不影响审签流程；未勾选的科室，下级医师提交的病历文书，按照患者三级查房的医师和审签流程进行审签。","98360","","emr_review","EnumerationMultiSelect","991827","0","2024-04-22 20:16:58","2024-04-22 20:16:58","","57393746696202243","",""
"221383422926547199","COMMON023","既往病历调阅老系统病历","0000","混合框架模式为弹出预览界面        接口模式：为嵌入既往病历中显示模式，可以直接选中内容插入","98360","","common","EnumerationSelect","991827","0","2024-04-22 20:16:58","2024-04-22 20:16:58","","10007","",""
"322138342297123161","COMMON026","除住院医生站外允许打印病历的其他系统入口","399547323,399464668","除住院医生站外允许打印病历的其他系统入口  		值：默认病历质控系统","98360","","common","EnumerationMultiSelect","991827","0","2024-04-22 20:16:58","2025-08-13 15:55:50","","366672780525256705","",""
"221383422926547204","COMMON027_1","没有手术医嘱不允许创建的术前文书","125044678493294640,201111183149915903,125044678493294608,125044678493294682","没有手术医嘱就不允许创建的术前文书监控类型  值：下拉选项为全部的病历监控类型，可多选；可为空，显示无；默认值｛术前小结、术前讨论记录、术前讨论结论记录｝","98360","","surgery","EnumerationMultiSelect","991827","0","2024-04-22 20:16:58","2025-03-26 14:31:58","","364799305053323264","",""
"221383422926547205","COMMON027_2","没有手术信息不允许创建的术后文书","125044678493294606","没有手术信息就不允许创建的术后文书监控类型  值：下拉选项为全部的病历监控类型，可多选；可为空，显示无；默认值｛手术记录，术后首次病程记录｝","98360","","surgery","EnumerationMultiSelect","991827","0","2024-04-22 20:16:58","2025-10-14 15:59:02","","366672780525256705","",""
"221383422926547206","COMMON027_3","允许病历创建后再同步手术医嘱的术前文书","125044678493294650","允许病历创建后再同步手术信息的文书类型","98360","","surgery","EnumerationMultiSelect_MONITORING","991827","0","2024-07-21 12:11:36","2025-10-28 13:30:27","10007","365887102157799425","",""
"121383422936547218","COMMON028","住院质控是否开启","true","控制住院质控是否启用 PARAMSELECTIONS[true:60病历质控,1:病历质控(新版模式),false:无]","98360","","common","EnumerationSelect","991827","0","2024-04-22 20:16:58","2025-10-23 15:53:10","","365887153697406977","",""
"221383422926541211","COMMON031","开关开启：发送MQ消息给无纸化病案系统；开关关闭：不发送MQ消息给无纸化病案系统。","true","开启：是；关闭：否","98360","","common","boolean","991827","0","2024-04-22 20:16:58","2024-04-22 20:16:58","","57393746696202243","",""
"221383422926547222","COMMON032","会诊医生在申请科室的签到开关。是：会诊签到功能开启；否：会诊签到功能关闭","false","是/否，默认值为否","98360","","inpatient_consult_base","boolean","991827","0","2024-04-22 20:16:58","2024-04-22 20:16:58","","57393746696202243","",""
"221383422926547255","COMMON033","允许克隆病历的监控类型","0000","允许克隆病历的监控类型，初始数据配置：其他文书：一份病历直接再复制一份","98360","","function_switch","EnumerationMultiSelect","991827","0","2024-04-22 20:16:58","2024-04-22 20:16:58","","57393746696202243","",""
"221383422926547277","COMMON034","辅助录入菜单","399660920,399573997,399573998,399574007,399575397,399573999,399574000,399574001,399574002,399574003,399574004,399574005,399623208,399626630,399674045,399684321,399687419,399692871,399693271,399695185,399761243,399781972,399825817","已添加的菜单将会显示在住院病历辅助录入栏","98360","","common","EnumerationMultiSelect","991827","0","2024-04-22 20:16:58","2026-04-24 15:17:13","57393746696202243","365887153697406977","",""
"221383422926547119","COMMON035","是否启用CDSS诊疗推荐","false","是否启用CDSS诊疗推荐","98360","","common","boolean","991827","0","2024-04-22 20:16:58","2024-04-22 20:16:58","","57393746696202243","",""
"221383422926547285","COMMON036","智能标签搜索结果样式","399575065","智能标签搜索结果将按照设置方式展示，默认卡片","98360","","common","EnumerationSelect","991827","0","2024-04-22 20:16:58","2024-04-22 20:16:58","57393746696202243","57393746696202243","",""
"221383422926547286","COMMON037","封存后新建的病程是否另起一页","false","封存后新建的病程是否另起一页","98360","","common","boolean","991827","0","2024-04-22 20:16:58","2024-04-22 20:16:58","57393746696202243","57393746696202243","",""
"221383422926547287","COMMON038","住院病历中是否显示门诊病历","true","住院病历中是否显示门诊病历","98360","","common","boolean","991827","0","2024-04-22 20:16:58","2024-04-22 20:16:58","57393746696202243","57393746696202243","",""
"221383422926547289","COMMON039","是否开启病历生成PDF开关","true","是否开启病历生成PDF开关","98360","","common","boolean","991827","0","2024-04-22 20:16:58","2024-06-04 19:09:00","57393746696202243","360863362663530497","",""
"232383422926547122","COMMON040","开启支持申请和受邀科室的评价/反馈内容互相不可见","false","开启支持申请和受邀科室的评价/反馈内容互相不可见","98360","","inpatient_consult_base","boolean","991827","0","2024-04-22 20:16:58","2024-04-22 20:16:58","","57393746696202243","",""
"232383422926547222","COMMON041","病人转科后，自动授权病历权限天数","100","病人转科后，自动授权病历权限天数","98360","","basic_setting","number","991827","0","2024-04-22 20:16:58","2024-04-22 20:16:58","","57393746696202243","",""
"232383422926547223","COMMON042","诊断控件的触发方式","399583987","诊断控件的触发方式，选项值为{单击，双击}，默认为单击","98360","","common","EnumerationSelect","991827","0","2024-04-22 20:16:58","2024-04-22 20:16:58","","57393746696202243","",""
"221383422926534872","COMMON043","切换患者支持缓存住院病历数据的患者个数","0","根据设置的个数，来支持保留切多少个患者的病历缓存数据；默认0","98360","1","common","number","991827","0","2024-04-22 20:16:58","2024-04-22 20:16:58","57393746696202243","57393746696202243","",""
"211383422926547532","COMMON044","是否允许阅改签名同级别及下级医师提交的病历","false","是否允许阅改签名同级别及下级医师提交的未配置在审签流程中的病历","98360","1","permission_config","boolean","991827","0","2024-04-22 20:16:58","2025-09-09 17:14:46","57393746696202243","366679557983649793","",""
"332383422926543215","COMMON045","通用审签流程中，最后一级的医师提交病历后是否自动双签名","true","通用审签流程中，最后一级的医师提交病历后是否自动双签名","98360","1","emr_review","boolean","991827","0","2024-04-22 20:16:58","2025-02-12 11:12:49","57393746696202243","366672780525256705","",""
"233283456546311115","COMMON046","成人体表面积公式计算方式","1","方式1：S男=0.0057*身高+0.0121*体重+0.0882  S女=0.0073*身高+0.0127*体重-0.2106 ；方式二：S男=0.00607*身高+0.0127*体重-0.0698  S女=0.00586*身高+0.0126*体重-0.0461；默认方式一","98360","1","common","EnumerationSelect","991827","0","2024-04-22 20:16:58","2026-04-14 19:55:02","57393746696202243","57393746696202243","",""
"221383422921547255","COMMON047","支持添加病历标题前缀的监控类型","125044676345810978,125044676345810980,125044676345810982,125044676345810984,125044676345810986,125044676345810988,125044676345810990,125044676345810994,125044676345810998","支持添加病历标题前缀的监控类型","98360","","basic_setting","EnumerationMultiSelect_MONITORING","991827","0","2024-04-22 20:16:58","2025-04-21 14:26:14","","57393746696202243","",""
"221383422921547256","COMMON048","编辑器转换xml为PDF服务现场地址","http://172.16.7.105/print/CrossCall","编辑器转换xml为PDF服务现场地址，根据现场实际来配置","98360","","common","text","991827","0","2024-04-22 20:16:58","2025-10-01 11:27:42","","365886878819500032","",""
"221383422922547256","COMMON049","minio现场的地址","http://172.16.7.105","minio现场的地址,文件服务器地址，根据现场实际来配置","98360","","common","text","991827","0","2024-04-22 20:16:58","2025-10-01 11:28:00","","365886878819500032","",""
"432383422926557113","COMMON050","会诊授权配置","{""authorizeDays"":7,""authorizeContentDTO"":{""medicalRecordAuthorization"":""399467674"",""medicalRecordAuthorizationDetail"":[],""orderTemplateAuthorization"":""399467669""}}","会诊授权配置","98360","0","inpatient_consult_authorization","text","991827","0","2024-04-22 20:16:58","2024-04-22 20:16:58","57393667239307269","57393746696202243","",""
"233283456546450012","COMMON051","手术室手术(进入手麻系统)的术后文书手术信息接口来源","2","手麻：通过混合框架调用手麻系统接口；手术医嘱：调用临床手术安排查询接口  值：｛手麻，手术医嘱｝；默认手术医嘱","98360","","common","EnumerationSelect","991827","0","2024-04-22 20:16:58","2024-04-22 20:16:58","57393746696202243","57393746696202243","",""
"421249223112572311","COMMON056","是否允许上级医师删除下级医师创建的病历","false","	  参数选择【否】，只能删除自己创建的病历，参数选择【是】，除了可以删除自己创建的病历之外，上级医师可以删除下级医师创建的病历","98360","0","permission_config","boolean","991827","0","2024-04-22 20:16:58","2025-10-27 17:26:50","57393667239307269","368887192648630273","",""
"321249223112575432","COMMON057","提交规培生病历时，是否显示规培生签名","true","参数值{是，否}，默认为是    选择“是”，签名格式为“提交者签名/规培生签名”；选择“否”，签名只显示提交者签名","98360","0","emr_regularization","boolean","991827","0","2024-04-22 20:16:58","2024-04-22 20:16:58","1","57393572750026754","",""
"321249223112575433","COMMON058","是否启用短语快捷键","true","开启为快捷键短语录入模式,默认否","98360","","common","boolean","991827","0","2024-04-22 20:16:58","2025-09-10 14:59:00","1","410409587846627328","",""
"433375122336547213","COMMON059","默认是否展示本人的痕迹，默认否：不展示","false","默认是否展示本人的痕迹，默认否：不展示","98360","992262000000001","trace_default","boolean","991827","0","2024-04-22 20:16:58","2024-04-22 20:16:58","57393746696202243","57393746696202243","",""
"321383422926541243","COMMON060","规培生身份标识来源","1002","选项值{患者信息，员工类型，教学组}，默认选择“员工类型” PARAMSELECTIONS[1001:患者信息,1002:员工类型,1003:教学组,1004:医务系统]","98360","0","emr_regularization","EnumerationSelect","991827","0","2024-04-22 20:16:58","2025-10-20 16:15:54","0","364799305053323264","",""
"254238422186162176","COMMON061","是否启用前置条件(目录)功能","true","是否开启首次必填文书校验，默认否","98360","","pre_condition_config","boolean","991827","0","2024-04-22 20:16:58","2025-09-03 16:26:25","57393746696202243","438265757886005249","",""
"421383422926546997","COMMON066","编辑器版本选择：1.canvas版本；2.svg版本；默认2.svg版本","2","编辑器版本选择：1.canvas版本；2.svg版本；默认2.svg版本","98360","1","common","EnumerationSelect","991827","0","2024-04-22 20:16:58","2024-04-22 20:16:58","1","57393746696202243","",""
"421383422926546973","COMMON067","科间会诊可以同时邀请的科室最大数量","true","true:可以同时邀请多个科室,false:只能一次邀请一个科室,2:只能一次邀请二个科室,3:只能一次邀请三个科室,4:只能一次邀请四个科室,5:只能一次邀请五个科室","98360","1","inpatient_consult_base_new","EnumerationSelect","991827","0","2024-04-22 20:16:58","2025-07-12 17:01:58","1","365887153697406977","apply_tab_invite",""
"421383422926546974","COMMON068","是否启用手术自备录入参数","true","是否启用手术自备录入参数。默认关闭","98360","","surgery","boolean","991827","0","2024-04-22 20:16:58","2025-09-11 14:17:43","1","366679557983649793","",""
"421383422926546975","COMMON069","添加手术名称需要弹框的监控类型","125044678493294650,125044680640778303,125044678493294598","添加手术名称需要弹框的监控类型，默认手术记录、手术相关记录、有创诊疗操作记录，下拉检索模式，配置后，点击弹框录入模式","98360","","surgery","EnumerationMultiSelect","991827","0","2024-04-22 20:16:58","2024-04-22 20:16:58","1","57393746696202243","",""
"421383422926546976","COMMON070","用户账号主数据取值是否使用公版接口","false","【用户账号主数据取值是否使用公版接口】的参数，参数值｛是，否｝，默认【否】","98360","","common","boolean","991827","0","2024-04-22 20:16:58","2024-04-22 20:16:58","1","57393746696202243","",""
"421383422926546977","COMMON071","点击签名元素是否弹出签名框","false","点击签名元素是否弹出签名框,默认否","98360","","signature_param","EnumerationMultiSelect_MONITORING","991827","0","2024-04-22 20:16:58","2025-04-21 09:54:10","1","57393746696202243","",""
"421383422926546978","COMMON072","住院病历是否启用病案首页参数","true","住院病历是否启用病案首页参数,默认否","98360","","medical","boolean","991827","0","2024-04-22 20:16:58","2026-04-01 13:49:13","1","365887153697406977","",""
"421249221395372342","COMMON073","已保存过的病历文书删除时，是否填写删除原因","false","已保存过的病历文书删除时，是否填写删除原因  默认否","98360","0","basic_setting","boolean","991827","0","2024-04-22 20:16:58","2024-04-22 20:16:58","1","57393572750026754","",""
"421249221395372351","COMMON074","是否后端病历生成PDF","true","是表示后端生成，否是前端生成","98360","0","common","boolean","991827","0","2024-04-22 20:16:58","2025-10-01 11:23:41","1","365886878819500032","",""
"221383422926551971","COMMON076","会诊任务中心开关","true","会诊任务中心开关，开启为是，关闭为否，默认为否","98360","1","inpatient_consult_base_new","boolean","991827","0","2024-04-22 20:16:58","2025-02-15 14:11:24","1","365887254629138433","consult_short_message_",""
"221383422926426789","COMMON077","指定主持人审签的病历监控类型","125044678493294640,201111183149915903,125044678493294634,203333383149915903,125044678493294636,125044678493294638,202222283149915903,125044678493294592","指定主持人审签的病历监控类型","98360","1","emr_review","EnumerationMultiSelect","991827","0","2024-04-22 20:16:58","2024-04-22 20:16:58","1","57393746696202243","",""
"221383422926545432","COMMON078","会诊申请后，会诊记录单申请信息是否支持编辑","false","是/否，默认为否。选择是，会诊记录单的申请信息的被邀请对象不可编辑。如果修改被邀请对象，需要撤销申请。","98360","1","inpatient_consult_base","boolean","991827","0","2024-04-22 20:16:58","2024-04-22 20:16:58","1","57393570602543106","",""
"221383422926543981","COMMON079","会诊申请后，会诊记录单申请信息支持编辑后，编辑权限配置","a","（a）只有申请人可以编辑（b）只有申请人和申请人的上级可编辑（c）只有医疗组内可以编辑（d）本科室的人员可以编辑。","98360","1","inpatient_consult_base","enumeration","991827","0","2024-04-22 20:16:58","2024-04-22 20:16:58","1","57393570602543106","",""
"221383422926681203","COMMON080","会诊记录单的答复内容是否支持编辑","false","是/否，默认为否","98360","1","inpatient_consult_base","boolean","991827","0","2024-04-22 20:16:58","2024-04-22 20:16:58","1","57393570602543106","",""
"221383422926547891","COMMON081","会诊记录单的答复内容支持编辑后，编辑权限配置","a","（a）支持申请人可以编辑。（b）支持申请人和申请人的上级可编辑。（c）支持医疗组内可以编辑。（d）支持本科室的人员可以编辑。","98360","1","inpatient_consult_base","enumeration","991827","0","2024-04-22 20:16:58","2024-04-22 20:16:58","1","57393570602543106","",""
"221383422926587213","COMMON082","申请科室作废会诊的职称规则","a","（a）只有申请人可以作废已发起的会诊申请（b）申请人和申请人的上级医生可以作废已发起的会诊（c）诊疗组内的医生可以作废已发起的会诊 （d）本科室内的医生可以作废已发起的会诊","98360","1","inpatient_consult_base","enumeration","991827","0","2024-04-22 20:16:58","2024-04-22 20:16:58","1","57393570602543106","",""
"421383422921547137","COMMON083","提交打印模式参数","1","1、手动模式（签名后点击提交按钮，修改撤销提交），2、自动模式（签名即提交状态，删除签名即撤销动作）","98360","1","basic_setting","EnumerationSelect","991827","0","2024-04-22 20:16:58","2025-09-16 14:44:47","1","364799305053323264","",""
"421383422926143425","COMMON085","受邀科室答复会诊的人员规则","a","（a）只有接收会诊的人员答复。（b）只有接收会诊的人员及上级人员答复。（c）只有接收会诊的人员及所在医疗组的人员答复。（d）只有接收会诊的人员及所在科室的人员答复。","98360","1","inpatient_consult_base","enumeration","991827","0","2024-04-22 20:16:58","2024-04-22 20:16:58","1","57393746696202243","",""
"421383422926293125","COMMON086","审签模式","a","（a）科室审签（b）诊疗组审签（c）关闭审签","98360","1","emr_review","EnumerationSelect","991827","0","2024-04-22 20:16:58","2025-07-21 14:37:46","1","366672780525256705","",""
"421249221392391257","COMMON087","是否启用编辑器悬浮工具栏","false","【是否启用编辑器悬浮工具栏】参数，参数值｛是，否｝，默认为否。","98360","0","function_switch","boolean","991827","0","2024-04-22 20:16:58","2024-04-22 20:16:58","1","57393746696202243","",""
"421383422921547139","COMMON089","允许打印已归档病历的角色","0000","参数默认为空（不可以打印已归档病历）","98360","1","common","EnumerationMultiSelect","991827","0","2024-04-22 20:16:58","2024-04-22 20:16:58","1","57393746696202243","",""
"321183422926546881","COMMON090","是否启用会诊新系统开关,默认否","true","是否启用会诊新系统开关,默认否","98360","1","inpatient_consult_base","boolean","991827","0","2024-04-22 20:16:58","2024-04-22 20:16:58","1","57393746696202243","1",""
"421383422921547140","COMMON091","住院病历首页是否显示文书总览","true","住院病历首页是否显示文书总览","98360","","common","boolean","991827","0","2024-04-22 20:16:58","2025-02-17 18:50:06","57393746696202243","366672780525256705","",""
"221383422926541297","COMMON092","修改会诊答复意见的模式","1","1：支持撤销提交后修改,2：支持在提交的基础上新增补充答复意见；若修改原有的答复意见，需要发起申请修改，审核人通过后可继续修改。","98360","8888","inpatient_consult_base","enumeration","991827","0","2024-04-22 20:16:58","2024-04-22 20:16:58","8888","57393746696202243","",""
"421383422921547141","COMMON093","病程懒加载是否开启开关，默认否","true","病程懒加载是否开启开关，默认否","98360","1","common","boolean","991827","0","2024-04-22 20:16:58","2024-04-22 20:16:58","1","57393746696202243","",""
"231333522126547246","COMMON094","允许多人克隆病历的监控类型","0000","允许多人克隆病历的监控类型，初始数据配置：空","98360","","function_switch","EnumerationMultiSelect_MONITORING","991827","0","2024-04-22 20:16:58","2024-04-22 20:16:58","","57393746696202243","",""
"431385722924433141","COMMON095","“预览模式”，可选择开启或关闭，默认开启","true","预览模式，可选择开启或关闭，默认开启","98360","1","common","boolean","991827","0","2024-04-22 20:16:58","2024-04-22 20:16:58","1","57393746696202243","",""
"431385722924433242","COMMON096","当指定医师查房记录指定查房医生是提交者，是否启用双签名","true","是：提交自动审签并显示两个签名 否：提交后自动审签并只显示一个签名；默认参数：是","98360","1","emr_review","boolean","991827","0","2024-04-22 20:16:58","2025-02-19 14:28:07","1","366672780525256705","",""
"421383422921547143","COMMON098","加载病历时默认显示文书总览或最后一次记录，默认文书总览","0","加载病历时默认显示文书总览或最后一次记录，默认文书总览","98360","","common","EnumerationSelect","991827","0","2024-04-22 20:16:58","2024-04-22 20:16:58","57393746696202243","57393746696202243","",""
"431385722924433244","COMMON099","已封存的病历文书是否允许编辑和删除","false","选项值“是，否”，默认为否，“若对接60病案系统，则不允许编辑，此参数无效","98360","","basic_setting","boolean","991827","0","2024-04-22 20:16:58","2024-04-22 20:16:58","57393746696202243","57393746696202243","",""
"431385722924433245","COMMON100","病历查询详情页面是否显示既往病历","true","说明：是：显示；否：不显示；值：｛是，否｝；默认否。","98360","","common","boolean","991827","0","2024-04-22 20:16:58","2024-04-22 20:16:58","57393746696202243","57393746696202243","",""
"221383422921547246","COMMON101","编辑器转换xml为html服务现场地址","http://47.100.114.160:8089/service/rest/com.winning.service.XmlContentToPdfService/api/getHTMLByContent","编辑器转换xml为html服务现场地址，根据现场实际来配置","98360","","common","text","991827","0","2024-04-22 20:16:58","2024-04-22 20:16:58","","57393746696202243","",""
"431385722924433247","COMMON104","是否发送MQ消息传送病历提交相关数据","true","说明：是：发送；否：不发送；默认不发送。","98360","","common","boolean","991827","0","2024-04-22 20:16:58","2024-04-22 20:16:58","57393746696202243","57393746696202243","",""
"224443422924547356","COMMON105","是否启用知名专家医务配置","false","是否启用知名专家医务配置 是/否  。默认否","98360","1","common","boolean","991827","0","2024-04-22 20:16:58","2024-04-22 20:16:58","1","149366988186126337","",""
"4333751223365472231","COMMON106","病历书写页面的待书写模块是否显示","true","控制待书写模块在前端页面是否显示，不影响后台生成；默认是","98360","","common","boolean","991827","0","2024-04-22 20:16:58","2024-04-22 20:16:58","57393746696202243","57393746696202243","",""
"222343422224547269","COMMON107","【病程记录】目录默认加载最近多少天内的数据","5","【病程记录】目录默认加载最近多少天内的数据，默认参数60","98360","","common","text","991827","0","2024-04-22 20:16:58","2026-03-11 23:15:21","","365887153697406977","",""
"4333751223365473131","COMMON108","是否启用“该患者人15天内再次入院”提醒","false","本次入区时间距离上次出区时间小于等于15天时，首次新增病历时提醒“该患者15天内再次入院”  值：｛是，否｝，默认否  ","98360","","common","boolean","991827","0","2024-04-22 20:16:58","2024-04-22 20:16:58","57393746696202243","57393746696202243","",""
"431385722924433251","COMMON109","护理信息数据来源","1","1：60护理系统；2：数据中台；默认60护理系统","98360","","common","EnumerationSelect","991827","0","2024-04-22 20:16:58","2024-04-22 20:16:58","57393746696202243","57393746696202243","",""
"431385722924433256","COMMON111","申请病历召回的操作模式","3","病历召回原因的单选、复选以及全选","98360","","recall","EnumerationSelect","991827","0","2024-04-22 20:16:58","2024-04-22 20:16:58","57393746696202243","57393746696202243","",""
"431385722924433259","COMMON113","对接数据中台接口请求鉴权秘钥","94c535bc37c0136ac236dd57e0571db8f094ab807e07fa6165a926b0cddb7e46","对接数据中台接口请求鉴权秘钥","98360","","common","text","991827","0","2024-04-22 20:16:58","2024-04-22 20:16:58","57393746696202243","57393746696202243","",""
"431385722924433356","COMMON114","“CA签名的UKEY失效或停用时采用的签名模式”","3","CA签名的UKEY失效或停用时采用的签名模式 PARAMSELECTIONS[1:阻断流程,2:不阻断流程并使用普通签名,3:不阻断流程并插入文字图片]","98360","","signature_param","EnumerationSelect","991827","0","2024-04-22 20:16:58","2026-03-30 19:00:55","57393746696202243","365887153697406977","",""
"431385722924443356","COMMON115","按照选项的数量判断患者的风险等级","true","按照选项的数量判断患者的风险等级，设置值：是/否，是开启判断，否关闭判断,默认关闭","98360","","common","boolean","991827","0","2024-04-22 20:16:58","2025-07-17 08:32:07","57393746696202243","367361575167934464","",""
"121383422926556990","COMMON116","内科患者VTE出血风险评估表，判定高风险的项数。设置值：数字，默认3","3","内科患者VTE出血风险评估表，判定高风险的项数。设置值：数字，默认3","98360","","common","number","991827","0","2024-04-22 20:16:58","2024-04-22 20:16:58","","57393746696202243","",""
"121383422926556991","COMMON117","外科患者VTE出血风险评估表，判断高风险的项数。设置值：数字，默认1","1","外科患者VTE出血风险评估表，判断高风险的项数。设置值：数字，默认1","98360","","common","number","991827","0","2024-04-22 20:16:58","2024-04-22 20:16:58","","57393746696202243","",""
"431385722924443357","COMMON118","开启手术医生/I助与手术级别权限校验的监控类型","0000","开启手术医生/I助与手术级别权限校验的监控类型，选项值为{无，全部，病历的所有监控类型}，默认为无","98360","","surgery","EnumerationMultiSelect","991827","0","2024-04-22 20:16:58","2024-04-22 20:16:58","57393746696202243","57393746696202243","",""
"431385723924343358","COMMON119","是否开启根据诊断推荐模板","true","是否开启根据诊断推荐模板","98360","","common","boolean","991827","0","2024-04-22 20:16:58","2025-02-16 17:42:31","","366672780525256705","",""
"21019099920099111","COMMON120","手术信息弹框填写时连带必填项设置","0000","设置下拉选项为：手术编码、手术日期、手术名称、术者、Ⅰ助、Ⅱ助、麻醉医师、麻醉方式、手术级别、手术愈合等级、是否主要手术","98360","","medical","EnumerationMultiSelect","991827","0","2024-04-22 20:16:58","2024-04-22 20:16:58","","59361189580599296","",""
"431385723924343359","COMMON121","入院数据统计导出最大允许导出多少天的数据","30","入院数据统计导出最大允许导出多少天的数据","98360","","common","text","991827","0","2024-04-22 20:16:58","2024-04-22 20:16:58","","57393746696202243","",""
"431385723924343360","COMMON122","出院数据统计导出最大允许导出多少天的数据","30","出院数据统计导出最大允许导出多少天的数据","98360","","common","text","991827","0","2024-04-22 20:16:58","2024-04-22 20:16:58","","57393746696202243","",""
"431385723924343361","COMMON123","首页数据统计导出最大允许导出多少天的数据","30","首页数据统计导出最大允许导出多少天的数据","98360","","common","text","991827","0","2024-04-22 20:16:58","2024-04-22 20:16:58","","57393746696202243","",""
"431385722925433258","COMMON125","移动会诊接口地址","http://api.dev.winexmy.com/api/newconsultation/consultation/response/query","移动会诊接口地址","98360","","common","text","991827","0","2024-04-22 20:16:58","2024-04-22 20:16:58","57393746696202243","57393746696202243","",""
"431385723924343362","COMMON126","北大院感漏报预警提醒校验URL","http://10.8.16.169:9000/#/doctors?navCode=1001&hospitalSoid=993840&userCode=02810&orgCode=1000252&wardCode=1000242&patId=273945697177387008&visitNo=202301160000046462&appCode=CIS&authCode=b61acb82f379412b9d82b8bbe136fa16","北大院感漏报预警提醒校验URL","98360","","common","text","991827","0","2024-04-22 20:16:58","2024-04-22 20:16:58","57393746696202243","57393746696202243","",""
"4333751223365473132","COMMON127","病案首页配置-医疗付费方式对照方式，默认医疗付费方式","2","0-医疗付费方式，1-医疗保险，2-险种类型","98360","","radio","text","991827","0","2024-04-22 20:16:58","2025-10-29 15:36:15","57393746696202243","365887153697406977","",""
"331385744424343357","COMMON129","教学组模式下，规培生可编辑病历的患者范围是否限制为其带教老师所属的诊疗组","false","是：可以编辑带教老师所属诊疗组负责的患者病历；否：可以编辑带教科室所有患者病历  值：{是，否}，默认否","98360","1","emr_regularization","boolean","991827","0","2024-04-22 20:16:58","2024-04-22 20:16:58","1","237479425484718080","",""
"331385744424343358","COMMON130","是否开启出区前不能提交部分病历的功能","true","是否开启出区前不能提交部分病历的功能","98360","","function_switch","boolean","991827","0","2024-04-22 20:16:58","2024-04-22 20:16:58","57393746696202243","57393746696202243","",""
"331385744424343359","COMMON131","患者出区前不能提交的病历监控类型","0000","患者出区前不能提交的病历监控类型","98360","","function_switch","EnumerationMultiSelect_MONITORING","991827","0","2024-04-22 20:16:58","2024-04-22 20:16:58","57393746696202243","57393746696202243","",""
"231385743424343360","COMMON132","新增出院小结时是否需要判断病程记录的数量","false","判断病程记录的最小数量：如住院天数≤3，按实际住院天数计数；如住院天数＞3，按照 3+（住院天数-3）/3  计算，如不是整数，取整+1计数","98360","","function_switch","boolean","991827","0","2024-04-22 20:16:58","2024-04-22 20:16:58","57393746696202243","57393746696202243","",""
"233283456546450112","COMMON133","全院查询导出PDF/OFD水印显示字段可选择：导出人姓名、导出人工号、导出时间","name,time","默认导出人姓名、导出时间","98360","","common","EnumerationMultiSelect","991827","0","2024-04-22 20:16:58","2025-02-10 22:24:36","57393746696202243","57393746696202243","",""
"241335723424343363","COMMON134","新增病历选择模板时切换收藏tab是否默认全部","true","新增病历选择模板时切换收藏tab是否默认全部,默认否","98360","","common","boolean","991827","0","2024-04-22 20:16:58","2025-02-16 17:41:59","57393746696202243","366672780525256705","",""
"241335723424343364","COMMON135","会诊病程录是否必须关联会诊申请单","true","开启后在创建病历时必须选择会诊申请单才能创建 值：｛是，否｝；默认否","98360","1","common","boolean","991827","0","2024-04-22 20:16:58","2025-02-12 17:14:51","57393746696202243","366679557983649793","",""
"241335723424343365","COMMON136","上级审签模式下，主任医师是否可以加签","2","开启参数之后，主治审签1.配置无限加签，(副)主任医师可以无限修改病历并签名，没有逆流程 2.配置正常审签，流程只允许一个(副)主任医师进行审签，存在逆流程  PARAMSELECTIONS[0:否,1:无限加签,2:正常审签]","98360","1","emr_review","EnumerationSelect","991827","0","2024-04-22 20:16:58","2025-10-09 16:22:58","57393746696202243","364799305053323264","",""
"241335723424343366","COMMON137","历史病历查询是否默认打开病案首页","true","历史病历查询是否默认打开病案首页：选项值{是，否}，默认为是","98360","","common","boolean","991827","0","2024-04-22 20:16:58","2024-04-22 20:16:58","57393746696202243","57393746696202243","",""
"241335723424343367","COMMON138","病历中手术选择的取值来源","term","病历中手术选择的取值来源 值：｛术语，临床服务｝；默认术语","98360","","surgery","EnumerationSelect","991827","0","2024-04-22 20:16:58","2025-12-18 14:09:13","57393746696202243","365887153697406977","",""
"431385722924433368","COMMON139","调用数据中台接口IP地址","10.8.16.50","配置数据中台接口的IP地址","98360","","common","text","991827","0","2024-04-22 20:16:58","2024-04-22 20:16:58","57393746696202243","57393746696202243","",""
"431385722924433369","COMMON140","调用数据中台接口端口号","8910","配置数据中台接口的端口号","98360","","common","text","991827","0","2024-04-22 20:16:58","2024-04-22 20:16:58","57393746696202243","57393746696202243","",""
"431385722924433370","COMMON141","手术信息弹框显示哪些字段以及字段顺序配置","[{""fieldName"":""icdNo"",""valueDesc"":""ICD码"",""readOnly"":false,""checked"":true},{""fieldName"":""surgeryDate"",""valueDesc"":""手术日期"",""readOnly"":false,""checked"":true},{""fieldName"":""surgeryLevelName"",""valueDesc"":""手术级别"",""readOnly"":false,""checked"":true},{""fieldName"":""surgeryPrefixName"",""valueDesc"":""前缀"",""readOnly"":false,""checked"":true},{""fieldName"":""surgeryName"",""valueDesc"":""手术名称"",""readOnly"":false,""checked"":true},{""fieldName"":""surgerySuffixName"",""valueDesc"":""后缀"",""readOnly"":false,""checked"":true},{""fieldName"":""surgeryChiefList"",""valueDesc"":""术者"",""readOnly"":false,""checked"":true},{""fieldName"":""firstAssistList"",""valueDesc"":""一助"",""readOnly"":false,""checked"":true},{""fieldName"":""secondAssistList"",""valueDesc"":""二助"",""readOnly"":false,""checked"":true},{""fieldName"":""thirdAssistList"",""valueDesc"":""三助"",""readOnly"":false,""checked"":false},{""fieldName"":""fourthAssistList"",""valueDesc"":""四助"",""readOnly"":false,""checked"":false},{""fieldName"":""incisionHealLvName"",""valueDesc"":""切口愈合等级"",""readOnly"":false,""checked"":true},{""fieldName"":""incisionLvName"",""valueDesc"":""切口等级"",""readOnly"":false,""checked"":false},{""fieldName"":""surgicalHealName"",""valueDesc"":""愈合等级"",""readOnly"":false,""checked"":false},{""fieldName"":""anesMethList"",""valueDesc"":""麻醉方式"",""readOnly"":false,""checked"":true},{""fieldName"":""primeAnesDoctList"",""valueDesc"":""麻醉医师"",""readOnly"":false,""checked"":true},{""fieldName"":""codeSystemNo"",""valueDesc"":""类型"",""readOnly"":false,""checked"":true},{""fieldName"":""surgeryEndAt"",""valueDesc"":""手术完成日期"",""readOnly"":false,""checked"":true},{""fieldName"":""primarySurgeryFlagText"",""valueDesc"":""主手术"",""readOnly"":false,""checked"":false},{""fieldName"":""operDeptName"",""valueDesc"":""手术科室"",""readOnly"":false,""checked"":true},{""fieldName"":""surgeryDuration"",""valueDesc"":""手术持续时间"",""readOnly"":false,""checked"":false},{""fieldName"":""anesthesiaStartAt"",""valueDesc"":""麻醉开始时间"",""readOnly"":false,""checked"":true},{""fieldName"":""anesthesiaEndAt"",""valueDesc"":""麻醉结束时间"",""readOnly"":false,""checked"":true}]","手术信息弹框显示哪些字段以及字段顺序配置","98360","","surgery","EnumerationMultiSelect","991827","0","2024-04-22 20:16:58","2026-03-26 18:12:06","57393746696202243","365887153697406977","",""
"2009099920099233451","COMMON142","病历单客户编辑模式的监控类型","0000","下拉选择，下拉值为监控类型，默认为空。","98360","1","basic_setting","EnumerationMultiSelect_MONITORING","991827","0","2024-04-22 20:16:58","2025-07-18 09:33:57","1","366672780525256705","",""
"2009099920099233452","COMMON143","病历编辑临时锁定的时长","1","数值型，默认为2小时。","98360","1","basic_setting","number","991827","0","2024-04-22 20:16:58","2025-07-16 10:29:35","1","366672451960258561","",""
"341335723468243366","COMMON144","指定医师查房记录是否需要指定医生签名","true","参数选项{是，否}，默认“是”","98360","1","emr_review","boolean","991827","0","2024-04-22 20:16:58","2025-07-15 14:26:18","57393746696202243","366672780525256705","",""
"341335723468243581","COMMON145","系统生成的签名图片的字体是否加粗","false","控制系统生成的病历签名图片字体是否加粗","98360","1","signature_param","boolean","991827","0","2024-04-22 20:16:58","2026-03-30 18:55:27","57393746696202243","365887153697406977","",""
"431385722924434370","COMMON146","手术不需要对接手麻系统的判断条件","00000","不进手术室、不需要对接手麻系统的手术判断条件","98360","","surgery","text","991827","0","2024-04-22 20:16:58","2024-04-22 20:16:58","57393746696202243","57393746696202243","",""
"5722100909992009932","COMMON147","配置可托管全院的科室","0000","配置可托管全院的科室","98360","1","basic_setting","EnumerationMultiSelect","991827","0","2024-04-22 20:16:58","2024-04-22 20:16:58","1","57393746696202243","",""
"241335723468243582","COMMON148","全院查询菜单详情页面是否显示诊疗措施","true","全院查询菜单详情页面是否显示诊疗措施｛是，否｝；默认为否","98360","1","common","boolean","991827","0","2024-04-22 20:16:58","2025-02-13 16:17:30","57393746696202243","366672780525256705","",""
"431385722924443256","COMMON149","病案室重点关注的医保类型","0000","病案室重点关注的医保类型，值：默认无；可下拉选择医保类型，多选","98360","","recall","EnumerationMultiSelect","991827","0","2024-04-22 20:16:58","2024-04-22 20:16:58","57393746696202243","149383349864040450","",""
"431385722924443257","COMMON150","既往病历查询模式","3","既往病历查询模式：选项值{单个PersonID，多个PersonID，EMPI模式}，默认“EMPI模式”。","98360","","common","EnumerationSelect","991827","0","2024-04-22 20:16:58","2024-04-22 20:16:58","57393746696202243","57393746696202243","",""
"241335723468243583","COMMON151","一条手术医嘱是否允许多次创建同类型病历文书","false","参数为否，保持原有逻辑不变，一条手术医嘱只能被选择一次，参数为是，同一条手术医嘱不限制选择次数，可以多次创建同类型的病历文书","98360","1","surgery","boolean","991827","0","2024-04-22 20:16:58","2025-02-20 22:10:22","57393746696202243","366672780525256705","",""
"3213834229265469979","COMMON152","新建、暂存病历时时是否同步给质控","true","参数开启时，新建和暂存状态的病历将同步到质控系统和调用质控接口，关闭则不同步到质控系统和调用直接接口。","98360","1","common","boolean","991827","0","2024-04-22 20:16:58","2024-04-22 20:16:58","1","57393746696202243","",""
"431385722924443258","COMMON153","HTTP请求调用HIS网关查询患者信息接口URL","0000","HTTP请求调用HIS网关查询患者信息接口URL","98360","","common","text","991827","0","2024-04-22 20:16:58","2024-04-22 20:16:58","57393746696202243","57393746696202243","",""
"389134229265439173","COMMON154","是否支持任意上级医生编辑提交下级医生的病历文书","true","是否支持任意上级医生编辑提交下级医生的病历文书，改变病历所属权","98360","1","permission_config","boolean","991827","0","2024-04-22 20:16:58","2025-02-13 12:51:05","1","366672780525256705","",""
"389134229265439174","COMMON155","是否启用共用手术时间","false","是否启用共用手术时间，默认否，若参数为是，允许没有返回手术时间的手术，共用其他手术返回的手术时间；","98360","1","surgery","boolean","991827","0","2024-04-22 20:16:58","2024-04-22 20:16:58","1","57393746696202243","",""
"289134229265439724","COMMON156","续打(新页打)和续打(单独打)的病历双面打时是否需要新纸","true","配置续打(新页打)和续打(单独打)的病历双面打时是否需要换新纸","98360","1","emr_print_parameter","boolean","991827","0","2024-04-22 20:16:58","2024-04-22 20:16:58","1","57393746696202243","",""
"221383422926547035","COMMON157","会诊消息提醒弹框是否只显示当前登录科室的会诊消息提醒","false","是：只显示当前登录科室的被邀请会诊消息提醒；否：显示用户所有权限科室的被邀请会诊消息提醒","98360","1","inpatient_consult_base","boolean","991827","0","2024-04-22 20:16:58","2024-04-22 20:16:58","1","57393746696202243","",""
"332139339265436451","COMMON158","在既往病历下是否显示急诊病历","2","既往病历显示急诊病历配置；0-隐藏 ，1-5.x急诊病历， 2-60急诊病历","98360","1","common","EnumerationSelect","991827","0","2024-04-22 20:16:58","2025-02-21 13:11:27","1","362544722100830209","",""
"389139339265439138","COMMON159","允许在病历查询、全院查询等菜单中的使用导出PDF相关功能的角色","399296994,256501,399562050,959651,959650,959649,977565","默认选择医务科主任、超级管理员、病案室主任、病案室统计员、病案室质控员、病案室上报员、病案系统管理员","98360","1","common","EnumerationMultiSelect","991827","0","2024-04-22 20:16:58","2024-04-22 20:16:58","1","57393746696202243","",""
"341720236734682438","COMMON160","病历审签流程是否允许审签退回","false","参数选项{是，否}，默认“是”","98360","1","emr_review","boolean","991827","0","2024-04-22 20:16:58","2024-04-22 20:16:58","57393746696202243","57393746696202243","",""
"341720236734682439","COMMON161","是否患者扫腕带入区后再启用住院病历","false","开启后，患者扫腕带入区后再启用住院病历，值：｛是，否｝；默认否","98360","1","common","boolean","991827","0","2024-04-22 20:16:58","2024-04-22 20:16:58","57393746696202243","57393746696202243","",""
"431385722924433257","COMMON162","病历召回设置复选时，召回原因默认选中配置。","0000","值域：1、无  2、修改  3、新增   4、打印    默认：无 ，开启参数复选时，召回原因默认都不选中  支持复选：新增、修改、打印（复选时，无选择无效），选中表示该召回原因分类默认选中；   ","98360","","recall","EnumerationMultiSelect","991827","0","2024-04-22 20:16:58","2024-04-22 20:16:58","57393746696202243","57393746696202243","",""
"4313857229244256131","COMMON163","转科文书是否显示成组","false","参数设置为是，转科文书显示成组的图标；参数设置为否，转科文书隐藏成组的图标","98360","1","common","boolean","991827","0","2024-04-22 20:16:58","2024-04-22 20:16:58","57393746696202243","57393746696202243","",""
"431302342924425316","COMMON164","已提交病历是否允许提交人继续编辑提交","false","已提交病历是否允许提交人继续编辑提交 PARAMSELECTIONS[a:保存并提交,b:仅提交,c:否]","98360","1","permission_config","EnumerationSelect","991827","0","2024-04-22 20:16:58","2025-02-10 21:06:47","57393746696202243","57393746696202243","",""
"431302342924425317","COMMON165","病历主表三级医师取值来源","1","设置病案首页则获取病案首页中三级医师填充病历主表三级医师+工号，设置床位卡，则同步患者信息中三级医师。","98360","","common","EnumerationSelect","991827","0","2024-04-22 20:16:58","2024-04-22 20:16:58","57393746696202243","57393746696202243","",""
"431302342924425318","COMMON166","是否根据出院/死亡医嘱更新病历簿的出区时间和患者出区状态","false","说明：是：根据出院/死亡医嘱更新病历簿出区时间和患者出区状态；否：根据患者出区更新病历簿出区时间和患者出区状态  值：｛是，否｝；默认否","98360","1","common","boolean","991827","0","2024-04-22 20:16:58","2024-04-22 20:16:58","57393746696202243","57393746696202243","",""
"1213834229265463742","COMMON167","是否启用病历加签授权功能","true","详细说明：启用后能授权本科室同级和下级医生对某份病历进行签名 值：｛是，否｝；默认为否","98360","1","permission_config","boolean","991827","0","2024-04-22 20:16:58","2025-02-13 12:51:40","1","366672780525256705","",""
"1213834329265463745","COMMON168","病程记录打印是否自定义首页页码","false","病程记录打印是否自定义首页页码值：｛是，否｝；默认否","98360","1","emr_print_parameter","boolean","991827","0","2024-04-22 20:16:58","2024-04-22 20:16:58","1","57393746696202243","",""
"431302342924425322","COMMON169","另存个人模板时需清空的元素","399217888&手术及操作名称,399336873&拟实施手术及操作名称,399301214&麻醉名称,391002596&麻醉代码,399336954&拟麻醉代码,399336896&手术开始时间,399336895&手术结束时间,399571174&手术主刀医生,399336909&手术医生姓名,399336866&手术一助,399336868&手术二助,399336950&麻醉师（主）,391002281&手术等级,391002274&手术体位,399336886&手术部位,391002275&手术分类,391002277&手术切口","另存个人模板时需清空的元素","98360","","common","EnumerationMultiSelect","991827","0","2024-04-22 20:16:58","2024-04-22 20:16:58","57393746696202243","57393746696202243","",""
"431302342924425323","COMMON170","允许编辑所有科室短语的角色","399296993","允许编辑所有科室短语的角色","98360","","common","EnumerationMultiSelect","991827","0","2024-04-22 20:16:58","2025-02-16 13:28:10","57393746696202243","366672780525256705","",""
"431302342924424231","COMMON171","互联互通数据对接MQ消息是否启用","false","是：启用，否：不启用；默认否","98360","","common","boolean","991827","0","2024-04-22 20:16:58","2024-04-22 20:16:58","57393746696202243","57393746696202243","",""
"432383422926591243","COMMON172","是否开启提醒责任医生的待书写任务弹窗","true","值：{是，否}；默认否","98360","","inp_emr_time","boolean","991827","0","2024-04-22 20:16:58","2025-02-13 12:41:24","57393746696202243","366672780525256705","",""
"299134229265439725","COMMON173","病程打印存在不满足打印条件时是否进行提醒","false","病程打印存在不满足打印条件时是否进行提醒；是：提醒；否：不提醒 默认否","98360","1","emr_print_parameter","boolean","991827","0","2024-04-22 20:16:58","2024-04-22 20:16:58","10","10","",""
"431385722925433259","COMMON174","移动根据就诊表示查询记录时间列表地址","http://api.dev.winexmy.com/api/v1/my_pmts/inspection_record/date_list/query/by_encounterId","移动根据就诊表示查询记录时间列表地址","98360","","common","text","991827","0","2024-04-22 20:16:58","2024-04-22 20:16:58","57393746696202243","57393746696202243","",""
"431385722925433260","COMMON175","移动根据就诊标识查询记录明细地址","http://api.dev.winexmy.com/api/v1/my_pmts/inspection_record/query/by_encounterId","移动根据就诊标识查询记录明细地址","98360","","common","text","991827","0","2024-04-22 20:16:58","2024-04-22 20:16:58","57393746696202243","57393746696202243","",""
"431385722925433221","COMMON176","是否允许批量提交需要审签的病历","true","是否允许在批量提交弹窗操作所有需要审签的病历 值：{是，否}","98360","","common","boolean","991827","0","2024-04-22 20:16:58","2025-02-14 16:28:31","57393746696202243","366672780525256705","",""
"121383422926541523","COMMON177","支持在护士站病历协同页面可以编辑的监控类型","202301412243243413,202301220143243414,125044678493294648","支持在护士站病历协同页面可以编辑的监控类型 值：默认{产时记录、新生儿记录}","98360","","permission_config","EnumerationMultiSelect_MONITORING","991827","0","2024-04-22 20:16:58","2025-03-07 13:03:52","","360301366192848897","",""
"431385722925433222","COMMON178","病历PDF前后端触发上传标识,默认前端","false","病历PDF前后端触发上传标识,是：前端触发上传，否：后端触发上传","98360","","common","boolean","991827","0","2024-04-22 20:16:58","2026-02-04 09:09:10","57393746696202243","365886878819500032","",""
"221383422926547296","COMMON179","导出副本功能中，允许导出的病历格式","PDF","导出副本功能中，允许导出的病历格式，选项值{PDF，XML，HTML，Word，OFD}，默认PDF，支持多选","98360","","common","EnumerationMultiSelect","991827","0","2024-04-22 20:16:58","2025-02-10 22:24:48","1","57393746696202243","255481783078281216",""
"221383422926547297","COMMON180","CA对接模式","CA_NEW","业务对接/组件对接。默认业务对接","98360","","signature_param","EnumerationSelect","991827","0","2024-04-22 20:16:58","2026-03-30 19:05:07","1","365887153697406977","255481783078281216",""
"213834229265213451","COMMON181","支持护士可以签名的病历监控类型","125044678493294648","支持护士点击签名元素签名的病历监控类型 值：默认无，可多选，下拉选项为病历监控类型","98360","","permission_config","EnumerationMultiSelect_MONITORING","991827","0","2024-04-22 20:16:58","2025-08-13 15:47:58","1","366672780525256705","",""
"213834229265213452","COMMON182","医嘱内容/医技报告名称插入病历时特定符号内的文字不引用","/","医嘱内容/医技报告名称插入病历时特定符号内的文字不引用","98360","","common","text","991827","0","2024-04-22 20:16:58","2024-04-22 20:16:58","","1","255481783078281216",""
"1213834229265654313","COMMON183","是否启用病历审签优化接口开关","false","是否启用病历审签优化接口开关","98360","","common","boolean","991827","0","2024-04-22 20:16:58","2026-03-30 19:06:30","","365887153697406977","",""
"2238342292656412379","COMMON184","保存删除产时记录和新生儿记录时是否需要上报","false","保存删除产时记录和新生儿记录时是否需要上报 值：{是，否}；默认是","98360","","common","boolean","991827","0","2024-04-22 20:16:58","2024-04-22 20:16:58","","10","",""
"1431302342924425322","COMMON185","新增病历文书时，病历模板的显示列数","2","新增病历文书时，病历模板的显示列数，下拉选项{1, 2}，默认2","98360","","common","EnumerationSelect","991827","0","2024-04-22 20:16:58","2024-04-22 20:16:58","10007","10007","",""
"431385722925492756","COMMON186","创建手术室手术的术后文书时是否需要校验手术完成状态","false","创建手术室手术(进入手麻系统)的术后文书时是否需要校验手术完成状态","98360","","surgery","boolean","991827","0","2024-04-22 20:16:58","2024-04-22 20:16:58","57393746696202243","57393746696202243","",""
"333375122336547431","COMMON187","编辑器工具栏需要隐藏的功能按钮","0000","编辑器工具栏需要隐藏的功能按钮 PARAMSELECTIONS[0000:无,fontName:字体,fontSize:字号,bold:加粗,underline:下划线,backgroundColor:背景颜色,paragraph:段落,trace:痕迹模式,formatBrush:格式刷,color:字体颜色]","98360","992262000000001","trace_default","EnumerationMultiSelect","991827","0","2024-04-22 20:16:58","2026-02-03 13:52:03","57393746696202243","365887254629138433","",""
"431385722925492759","COMMON188","手术信息弹窗可选择人数配置","{""surgeryChiefBy"":1,""firstAssistBy"":1,""secondAssistBy"":1}","配置手术信息弹框术者、I助、II助、III助可选择人数","98360","","surgery","text","991827","0","2024-04-22 20:16:58","2025-09-03 21:09:31","10007","10007","255480612717443072",""
"431385722925492758","COMMON189","运维监控系统”预警模式""","false","“运维监控系统”预警模式   开启/关闭  默认关闭","98360","","common","boolean","991827","0","2024-04-22 20:16:58","2024-04-22 20:16:58","10007","10007","",""
"431385722925493758","COMMON190","出院患者责任医生获取模式","1","出院患者责任医生获取模式   1、来源就诊   2、来源病历    默认1，来源就诊    ","98360","","archive_base","EnumerationSelect","991827","0","2024-04-22 20:16:58","2024-04-22 20:16:58","","57393746696202243","255481783078281216",""
"431385723924433255","COMMON191","术后文书中数据元手术日期时间(399301320)的映射字段","{""room"":""endAt"",""noRoom"":""surgeryTime"",""roomName"":""关联手术结束时间"",""noRoomName"":""关联拟手术时间""}","说明：手术室手术、非手术手术关联的术后文书数据元手术日期时间(399301320)的映射字段  值：默认{手术室手术/手术结束时间，非手术室手术/拟手术时间}；点击配置弹出窗口，弹窗选项可下拉选择{拟手术时间，手术开始时间，手术结束时间}","98360","","surgery","text","991827","0","2024-04-22 20:16:58","2024-04-22 20:16:58","10007","57393746696202243","57393746696202243",""
"221383423926547286","COMMON192","手麻文书的对接方式，选项值{卫宁手麻系统，混合框架}","2","手麻文书的对接方式，选项值{卫宁手麻系统，混合框架}，默认混合框架","98360","","common","EnumerationSelect","991827","0","2024-04-22 20:16:58","2024-04-22 20:16:58","10","10","",""
"311383422998765412","COMMON193","保存病历快照的业务节点","399542630,399566802,399297357,399631105,399631408,399542633","保存病历快照的业务节点 ","98360","8888","common","EnumerationMultiSelect","991827","0","2024-04-22 20:16:58","2024-04-22 20:16:58","8888","255480612717443072","",""
"431345722925492757","COMMON194","启用CA签名时是否判断用户主数据CA权限”，选项{是，否}，默认为“是","false","参数=是，维持原有逻辑，如果主数据里关闭该用户的CA权限，此用户签名时不调用CA接口,参数=否，只要启用CA签名，全部用户签名都要调用CA校验，不再判断主数据里是否开启CA权限","98360","","signature_param","boolean","991827","0","2024-04-22 20:16:58","2026-03-30 19:03:58","10","365887153697406977","",""
"431345724925492758","COMMON195","是否启用患者CA签名","false","是否启用患者CA签名，选项值{是，否}，默认为“否”","98360","","signature_param","boolean","991827","0","2024-04-22 20:16:58","2026-03-30 19:08:24","10","365887153697406977","",""
"431945724925492759","COMMON196","是否允许删除患者CA签名","true","是否允许删除患者CA签名，选项值{是，否}，默认为“是”","98360","","signature_param","boolean","991827","0","2024-04-22 20:16:58","2024-04-22 20:16:58","10","10","",""
"431945724925492760","COMMON197","设置需要同步医保自费项目的病历监控类型","0000","需要查询护士站接口同步医保自费项目的病历监控类型","98360","","common","EnumerationMultiSelect_MONITORING","991827","0","2024-04-22 20:16:58","2026-03-04 08:01:16","57393746696202243","57393746696202243","",""
"531945724925492760","COMMON198","历史病历上传Minio","false","历史病历上传Minio，选项值{是，否}，默认为“否”","98360","","5xHistory","boolean","991827","0","2024-04-22 20:16:58","2025-09-29 17:19:29","10","365887153697406977","",""
"321383422922547257","COMMON199","三方PDF前缀","0000","三方PDF前缀,5x需要替换的pdf前缀，根据现场实际来配置","98360","","5xHistory","text","991827","0","2024-04-22 20:16:58","2024-04-22 20:16:58","","10","",""
"321383422922547258","COMMON200","PDF Http前缀","0000","PDF Http前缀，能够访问你的pdf前缀，根据现场实际来配置","98360","","5xHistory","text","991827","0","2024-04-22 20:16:58","2024-04-22 20:16:58","","10","",""
"121383722926546910","COMMON201","病历查询相关功能最大允许查询多少个月的数据","6","病历查询、全院查询、结构化查询等所有查询功能最大允许查询多少个月的数据，默认为6个月","98360","","common","number","991827","0","2024-04-22 20:16:58","2024-04-22 20:16:58","","10","",""
"331445724925492761","COMMON202","配置哪些监控类型病历提交时触发事件【399669035住院病历提交】","125044678493294624","配置哪些监控类型病历提交时触发事件【399669035住院病历提交】","98360","","common","EnumerationMultiSelect_MONITORING","991827","0","2024-04-22 20:16:58","2024-04-22 20:16:58","10","10","",""
"321383422934547268","COMMON203","三方护理文书地址来源","0000","配置病历病历薄中护理文书地址来源  参数值：支持输入，默认为空","98360","","common","text","991827","0","2024-04-22 20:16:58","2025-02-10 23:00:21","","10","",""
"531945724925492761","COMMON204","同步医保自费项目的开立科室范围","1","同步医保自费项目的开立科室范围 PARAMSELECTIONS[1:全部,2:本科室]","98360","","common","EnumerationSelect","991827","0","2024-04-22 20:16:58","2024-04-22 20:16:58","57393746696202243","57393746696202243","",""
"213833229265470081","COMMON205","入转区是否判断患者日间病人属性","true","入转区是否判断患者日间病人属性","98360","","common","boolean","991827","0","2024-04-22 20:16:58","2024-04-22 20:16:58","","237479425484718080","",""
"221883424921547256","COMMON206","支持修改病历标题的监控类型","125044676345810972,125044676345810988,125044676345810980","支持修改病历标题的监控类型","98360","","basic_setting","EnumerationMultiSelect_MONITORING","991827","0","2024-04-22 20:16:58","2025-09-28 15:11:32","","366672780525256705","",""
"221383424421547257","COMMON207","病历记录时间不能超过出区时间的病历分类","0000","病历记录时间不能超过出区时间的病历分类","98360","","basic_setting","EnumerationMultiSelect_EMRCLASS","991827","0","2024-04-22 20:16:58","2025-02-10 23:00:20","","10","",""
"232883422926547222","COMMON213","非本科室医生在医生站查看患者病历详情是否弹窗提醒留痕","false","非本科室医生在医生站全院查询页面查看患者病历详情是否弹窗提醒留痕","98360","","common","boolean","991827","0","2024-04-22 20:16:58","2024-04-22 20:16:58","","57393746696202243","",""
"232486422926547223","COMMON214","系统开始保留痕迹的病历操作节点","afterCreated","系统开始保留痕迹的病历操作节点 PARAMSELECTIONS[afterCreated:创建后,afterSubmit:首次提交]","98360","","trace_default","EnumerationSelect","991827","0","2024-04-22 20:16:58","2024-04-22 20:16:58","10","10","",""
"232884222926547213","COMMON215","是否对接临床医嘱信息查询API新版本","true","是否对接临床医嘱信息查询API新版本","98360","","common","boolean","991827","0","2024-04-22 20:16:58","2025-09-27 00:29:24","","366672780525256705","",""
"221413424421547258","COMMON216","日间患者需要显示的病历目录","121383522926546971","日间患者需要显示的病历目录","98360","","basic_setting","EnumerationMultiSelect_EMRCLASS","991827","0","2024-04-22 20:16:58","2024-04-22 20:16:58","","10","",""
"326423422926547022","COMMON217","CA组件对接时，临时授权采用的签名样式","1","CA组件对接时，临时授权采用的签名样式 PARAMSELECTIONS[1:使用普通签名,2:插入文字图片]","98360","","signature_param","EnumerationSelect","991827","0","2024-04-22 20:16:58","2026-03-30 19:07:30","10","365887153697406977","",""
"221583424921547257","COMMON218","需要根据有无输血病程更新数据元【有无输血史】的病历监控类型","0000","需要根据有无输血病程更新数据元【有无输血史】的病历监控类型","98360","","basic_setting","EnumerationMultiSelect_MONITORING","991827","0","2024-04-22 20:16:58","2024-04-22 20:16:58","","10","",""
"221583424921547258","COMMON219","辅助区护理文书的链接来源","1","辅助区打开护理文书的链接来源 PARAMSELECTIONS[1:60护理文书,2:护理文书调阅注册事件,3:三方护理链接(参数：COMMON203),4:未对接]","98360","","common","EnumerationSelect","991827","0","2024-04-22 20:16:58","2025-04-21 10:00:17","10007","","",""
"221583424921547259","COMMON220","需要获取输血前相关检查结果的病历监控类型","0000","需要自动同步最新输血前相关检查结果的病历监控类型","98360","","basic_setting","EnumerationMultiSelect_MONITORING","991827","0","2024-04-22 20:16:58","2024-04-22 20:16:58","255481783078281216","255481783078281216","",""
"221583424921547260","COMMON221","病历需要取患者实时年龄的年龄段","256813","配置的年龄段，病历年龄取实时年龄；未配置的年龄段，病历年龄取入院年龄  值：默认无，下拉选择以下术语；可多选  ","98360","","common","EnumerationMultiSelect","991827","0","2024-04-22 20:16:58","2024-04-22 20:16:58","10007","255481783078281216","255481783078281216",""
"231383422926547013","COMMON222","指定医师查房记录的医生选择范围","1","指定医师查房记录的医生选择范围 PARAMSELECTIONS[0:本科室,1:全院]","98360","","common","EnumerationSelect","991827","0","2024-04-22 20:16:58","2025-08-09 13:23:48","","366672780525256705","",""
"2001234920099233452","COMMON223","病历标题自动带入医生职称的监控类型","0000","下拉选择，下拉值为监控类型，默认为空。","98360","1","basic_setting","EnumerationMultiSelect_MONITORING","991827","0","2024-04-22 20:16:58","2024-04-22 20:16:58","1","149383352011524098","",""
"221583424921547261","COMMON225","需要同步新生儿登记信息的科室","0000","需要同步新生儿登记信息的科室","98360","","basic_setting","EnumerationMultiSelect","991827","0","2024-04-22 20:16:58","2025-09-28 12:38:52","255481783078281216","255481783078281216","",""
"221583424921547262","COMMON226","母亲需要同步新生儿登记信息的病历监控类型","0000","母亲需要同步新生儿登记信息的病历监控类型","98360","","basic_setting","EnumerationMultiSelect_MONITORING","991827","0","2024-04-22 20:16:58","2025-09-28 12:38:52","255481783078281216","255481783078281216","",""
"221583424921547263","COMMON227","24小时入出院患者是否不校验首次单次规则","false","24小时入出院患者是否不校验首次单次规则","98360","","common","boolean","991827","0","2024-04-22 20:16:58","2024-04-22 20:16:58","255481783078281216","255481783078281216","",""
"432385427914443353","COMMON228","病历结构化查询是否启用存储优化后的新接口","true","病历结构化查询是否启用存储优化后的新接口，是；否；默认是","98360","","common","boolean","991827","0","2024-04-22 20:16:58","2025-12-26 14:21:51","10","365887254629138433","",""
"421383422926541272","COMMON229","是否支持科室/诊疗组同级医生共享病历的编辑提交权限","1","是否支持科室/诊疗组同级医生共享病历的编辑提交权限 PARAMSELECTIONS[0:否,1:诊疗组,2:科室域]","98360","","permission_config","EnumerationSelect","991827","0","2024-04-22 20:16:58","2025-02-13 12:51:29","","366672780525256705","",""
"432385427914443361","COMMON230","是否开启限制药品使用协议书上传功能","false","是否开启限制药品使用协议书上传功能","98360","","common","boolean","991827","0","2024-04-22 20:16:58","2024-04-22 20:16:58","255481783078281216","255481783078281216","",""
"432285427914543362","COMMON231","同步病历数据时是否触发互联互通个人信息查询事件","false","同步病历数据时是否触发互联互通个人信息查询事件","98360","","common","boolean","991827","0","2024-04-22 20:16:58","2025-02-10 22:58:37","10","10","",""
"438385732925433260","COMMON232","手术信息视图查询的语句配置","{""viewName"": """",""encounterId"": """",""orderId"": """",""surgeryStartAt"": """",""surgeryEndAt"": """",""anesMethStartAt"": """",""anesMethEndAt"": """"}","手术信息视图查询的语句配置","98360","","surgery","text","991827","0","2024-04-22 20:16:58","2024-07-11 15:29:46","10","20","",""
"428383422326546975","COMMON233","同步医嘱手术信息是否从视图查询数据","false","同步医嘱手术信息是否从视图查询数据，默认否","98360","","surgery","boolean","991827","0","2024-04-22 20:16:58","2024-07-11 15:29:46","10","10","",""
"431385723924433356","COMMON234","患者CA签名对接方式","IMAGE","患者CA签名对接方式，默认签名图片 PARAMSELECTIONS[IMAGE:签名图片,PDF:签名PDF]","98360","","signature_param","EnumerationSelect","991827","0","2024-04-22 20:16:58","2026-03-30 19:04:57","10007","365887153697406977","",""
"428383422326546977","COMMON235","限制提交手术记录的医师设置","0000","限制提交手术记录的医师设置，默认：病历创建者 PARAMSELECTIONS[3:手术医生,1:一助,2:病历创建者]","98360","","common","EnumerationMultiSelect","991827","0","2024-05-28 09:11:05","2025-10-27 20:26:07","255481783078281216","364799305053323264","",""
"428383422326546978","COMMON236","触发患者电签事件的数据元","399576275","触发患者电签事件的数据元，支持检索，支持多选","98360","","signature_param","EnumerationMultiSelect","991827","0","2024-05-28 09:10:46","2025-10-30 11:28:24","255481783078281216","365887153697406977","",""
"289234299265439725","COMMON237","集中打印全选是否提醒不能打印的病历","false","集中打印全选是否提醒不能打印的病历","98360","1","emr_print_parameter","boolean","991827","0","2024-07-21 11:33:53","2025-02-10 22:26:49","1","57393746696202243","",""
"229135224265435724","COMMON238","病程的续打是否开启定位打印，默认是","true","病程的续打是否开启定位打印","98360","1","emr_print_parameter","boolean","991827","0","2024-07-11 15:29:47","2025-02-10 22:27:51","10","10","",""
"2722100909992509934","COMMON239","病程分配打印默认一次打印份数；默认50","50","病程分配打印默认一次打印份数；默认50","98360","","emr_print_parameter","number","991827","0","2024-07-11 15:29:47","2025-02-10 22:27:51","10","10","",""
"246346822910457018","COMMON240","多机构模式个人模板互通的机构，默认空","0000","多机构模式个人模板互通的机构，默认空","98360","","common","EnumerationMultiSelect_ORG","991827","0","2024-07-21 11:34:26","2025-02-10 22:27:00","10","10","",""
"458323422326545983","COMMON243","个人成套模板维护是否开启适用范围选择","true","个人成套模板维护是否开启适用范围选择","98360","","emr_mrt_set","boolean","991827","0","2024-07-11 15:28:38","2026-01-20 21:54:08","10","366672780525256705","",""
"221383422926547240","COMMON244","没有手术类治疗医嘱不允许创建的病历文书","202301220143243431","创建文书时，查询治疗类医嘱并且治疗方式是手术的医嘱","98360","","surgery","EnumerationMultiSelect","991827","0","2024-07-21 11:54:27","2026-01-20 21:54:04","","366672780525256705","",""
"454323429326545984","COMMON245","全院查询页面优先展示模拟演示患者","false","全院查询页面优先展示模拟演示患者","98360","","common","boolean","991827","0","2024-07-21 11:32:33","2025-02-10 22:26:18","10","10","",""
"5723092716992030070","COMMON246","日间患者需要同步日间系统录入信息的病历监控类型","0000","日间患者需要同步日间系统录入信息的病历监控类型","98360","","basic_setting","EnumerationMultiSelect_MONITORING","991827","0","2024-07-21 11:32:01","2024-07-21 11:32:01","255480612717443072","255480612717443072","",""
"2069099921099233454","COMMON247","限制规培生不能创建的病历监控类型","125044678493294600","下拉选择，下拉值为监控类型，默认为空。","98360","1","emr_regularization","EnumerationMultiSelect_MONITORING","991827","0","2024-07-20 16:38:53","2025-02-13 12:52:59","10","366672780525256705","",""
"428383422326558182","COMMON249","撤销已经提交过的病历，是否填写撤销原因","false","撤销已经提交过的病历，是否填写撤销原因","98360","","basic_setting","boolean","991827","0","2024-07-21 11:31:22","2025-10-13 14:46:38","57393746696202243","365887153697406977","",""
"5723092716992031072","COMMON250","启用账密签名的监控类型","0000","启用账密签名的监控类型","98360","","signature_param","EnumerationMultiSelect_MONITORING","991827","0","2024-07-21 11:32:25","2025-02-10 22:48:49","10007","10007","",""
"431385723934436523","COMMON251","是否对接闭环管理平台","true","是否对接闭环管理平台，选项值{是，否}，默认为否","98360","","common","boolean","991827","0","2024-07-21 12:11:22","2025-08-20 14:00:38","10007","414311922117328896","255481783078281216",""
"254323429326544121","COMMON252","是否允许科主任删除本科室未提交的病历","false","是否允许科主任删除本科室未提交的病历","98360","","common","boolean","991827","0","2024-07-21 12:11:28","2025-02-10 21:09:32","10","255480612717443072","",""
"431385723924443356","COMMON253","患者电子签名对接多种调用方法时的可选项","0000","患者电子签名对接多种调用方法时的可选项，默认无 PARAMSELECTIONS[0000:无,WIRED:有线签名,WIRELESS:无线签名,SCANCODESIGN:扫码签名,PADBOARD:PAD手写板,MOBILEMY:移动MY签名]","98360","","signature_param","EnumerationMultiSelect","991827","0","2024-07-21 12:11:14","2025-10-20 16:16:14","10007","366672451960258561","",""
"317842292652321671","COMMON256","支持协同诊疗科室可以编辑的病历监控类型","0000","支持协同诊疗科室可以创建并编辑的病历监控类型","98360","","permission_config","EnumerationMultiSelect_MONITORING","991827","0","2024-07-11 15:28:31","2025-02-10 22:25:05","1","255480612717443072","",""
"443383422926591244","COMMON259","提交抢救记录时是否根据抢救结束时间更新关联的待书写任务","2","提交抢救记录时是否根据抢救结束时间更新关联的待书写任务 PARAMSELECTIONS[1:是,2:否]","98360","","inp_emr_time","EnumerationSelect","991827","0","2026-02-02 08:00:37","2026-02-02 08:00:37","10","10","",""
"431385722924433357","COMMON260","审签流程结束时存在患者签名数据元时是否自动提醒发起患者电签(多人)","1","审签流程结束的操作节点：病历提交（无需审签）或审签通过 PARAMSELECTIONS[1:是,2:否]","98360","","signature_param","EnumerationSelect","991827","0","2025-10-17 17:25:49","2026-04-20 09:21:31","10007","1206167","",""
"431385722924433358","COMMON261","是否使用手麻系统的手术安全核查表","2","是否使用手麻系统的手术安全核查表 PARAMSELECTIONS[1:是,2:否]","98360","","basic_setting","EnumerationSelect","991827","0","2025-02-10 23:20:27","2025-04-21 10:26:58","10007","255480612717443072","",""
"431385722924433360","COMMON263","点击下拉数据元时光标默认定位的位置","2","点击下拉数据元时光标默认定位的位置 PARAMSELECTIONS[1:数据元,2:搜索框]","98360","","trace_default","EnumerationSelect","991827","0","2025-02-10 22:24:31","2025-04-21 10:28:00","57393746696202243","57393746696202243","",""
"431385722924433361","COMMON264","触发CDSS诊疗推荐的监控类型设置","0000","触发CDSS诊疗推荐的监控类型设置","98360","","common","EnumerationMultiSelect_MONITORING","991827","0","2025-02-10 23:19:01","2025-09-29 11:14:25","10007","366672780525256705","",""
"2009099920099233455","COMMON265","患者签名后控制未提交病历的陈述内容不能编辑的监控类型","0000","患者签名后控制未提交病历的陈述内容不能编辑的监控类型","98360","1","signature_param","EnumerationMultiSelect_MONITORING","991827","0","2025-10-17 17:51:30","2025-10-20 16:16:08","1","149383352011524098","",""
"431385722924433362","COMMON266","住院病历是否调用WiNEX病案首页质控","false","是：调用WiNEX病案首页展示质控缺陷，否：不调用WiNEX病案首页展示质控缺陷","98360","","common","boolean","991827","0","2025-02-10 22:23:45","2025-04-21 10:19:01","255480612717443072","255480612717443072","",""
"431385722924433364","COMMON268","月经公式是否限制文本录入","2","月经公式是否限制文本录入，默认否 PARAMSELECTIONS[1:是,2:否]","98360","","trace_default","EnumerationSelect","991827","0","2025-02-10 23:20:25","2025-04-21 10:18:58","10007","57393746696202243","",""
"431385722924833365","COMMON269","是否启用用户查询保密患者的功能","2","是否启用用户查询保密患者的功能，默认否 PARAMSELECTIONS[1:是,2:否]","98360","","common","EnumerationSelect","991827","0","2025-02-10 22:23:55","2025-04-21 09:55:38","10","10","",""
"2009099920099233456","COMMON270","患者电签时批注内容对应的数据元","0000","患者电签时批注内容对应的数据元","98360","1","signature_param","EnumerationMultiSelect","991827","0","2025-02-10 22:24:04","2025-10-20 16:16:14","1","149383352011524098","",""
"121383422936546974","COMMON271","医生手动归档后是否允许撤销归档","1","控制手动归档后是否允许撤销归档按钮的显示    参数值：是/否，默认是 PARAMSELECTIONS[1:是,0:否]","98360","","archive_base","EnumerationSelect","991827","0","2025-02-10 22:23:45","2025-04-21 10:17:20","10007","10007","",""
"121383422936546976","COMMON273","未完成患者签名的病历是否允许打印","1","病历中存在触发患者签名的数据元时，患者签名必须完成后医生才可进行打印   参数值：允许/不允许，默认允许 PARAMSELECTIONS[1:允许,0:不允许]","98360","","emr_print_parameter","EnumerationSelect","991827","0","2025-02-10 22:23:46","2025-02-10 22:23:46","10007","10007","",""
"431385722924433365","COMMON274","病案首页质控调用模式","0000","控制病案首页质控调用质控的方式 PARAMSELECTIONS[0000:无,1:质控系统,2:60病案质控,3:60病案传输数据]","98360","","medical_connect_other","EnumerationMultiSelect","991827","0","2025-02-10 22:23:45","2026-04-04 07:46:47","57393746696202243","414883502807531520"," ",""
"122421342442154312","COMMON276","病历提交未审签时可以发送患者签名的病历监控类型","0000","请完成上级医师审签，上级审签后方能进行患者家属签名！","98360","","signature_param","EnumerationMultiSelect_MONITORING","991827","0","2025-10-17 17:51:30","2025-10-20 16:16:08","","10007","",""
"489134229192332134","COMMON277","是否启用已提交病历同级医生阅改功能","false","参数启用后，同级医生可以对已提交状态的病历进行阅改签名","98360","1","permission_config","boolean","991827","0","2025-02-10 22:35:27","2025-09-15 16:51:42","1","364799305053323264","",""
"489134229192332135","COMMON278","手术信息弹窗中术者、一/二助/三助的员工类型","253530,253531","手术信息弹窗中术者、一/二/三助的员工类型","98361","","surgery","EnumerationMultiSelect","991827","0","2025-02-10 22:22:24","2026-01-28 13:13:18","255480612717443072","364799305053323264","",""
"421413424421547258","COMMON279","开启生成HTML文件的病历目录","0000","开启生成HTML文件的病历目录,选项值{全部，无，医院配置的所有通用病历目录}，默认“无”","98360","","common","EnumerationMultiSelect_EMRCLASS","991827","0","2025-02-10 23:20:00","2025-04-21 10:00:51","10007","10007","",""
"521383422926546972","COMMON280","配置审签退回时清除病历签名的逻辑","clear","配置审签退回时清除病历签名的逻辑  ,默认保留全部 PARAMSELECTIONS[all:保留全部,submit:保留提交人,clear:清空全部]","98360","","emr_review","EnumerationSelect","991827","0","2025-02-12 14:30:17","2025-08-07 17:35:24","10007","366672780525256705","",""
"521323422926546973","COMMON281","是否允许使用其他科室的科室模板创建病历","2","默认展示员工登录科室，配置该参数后可实现查询全院所有的科室模板 PARAMSELECTIONS[1:是,2:否]","98360","","basic_setting","EnumerationSelect","991827","0","2025-12-15 18:11:13","2026-01-20 21:54:58","10","10","",""
"341249221395612926","COMMON282","住院医师是否允许代主治医师查房","false","配置为是，主治查房记录勾选代查房后，可以选择住院医师","98360","0","basic_setting","boolean","991827","0","2025-02-10 23:19:01","2025-04-21 10:04:40","1","255480612717443072","",""
"143283456546350329","COMMON283","病历手动归档时强校验条件","3,4","手动归档时校验病历的条件配置  PARAMSELECTIONS[0000:无,2:缺失校验（首页）,3:病历提交校验,4:病历审签校验,5:病历整改校验]","98360","","archive_base","EnumerationMultiSelect","991827","0","2025-02-10 22:22:50","2026-04-13 17:36:44","57393746696202243","366672780525256705","",""
"329135224265438202","COMMON284","病历打印预览是否支持显示实际页数","2","参数配置是时，打印预览上增加当前实际页数展示方便用户指定页打印 PARAMSELECTIONS[1:是,2:否]","98360","1","emr_print_parameter","EnumerationSelect","991827","0","2025-02-10 23:19:01","2025-03-07 15:29:31","10","10","",""
"209099920099233457","COMMON285","病历调CDSS触发场景","0000","病历调CDSS触发场景 PARAMSELECTIONS[0000:无,1:病历提交,2:病历保存,3:打开病历,4:删除病历,5:病案首页提交后,6:病历撤销提交]","98360","1","common","EnumerationMultiSelect","991827","0","2025-02-10 23:19:01","2025-04-21 10:13:27","10007","10007","351317041933774849",""
"221383422926544325","COMMON286","主治/副主任/主任查房记录选择医生是否必须匹配职称","false","主治/副主任/主任查房记录选择医生是否必须匹配职称","98360","","common","boolean","991827","0","2025-02-10 21:01:55","2025-02-10 21:01:55","","149383352011524097","",""
"233283456546351641","COMMON287","已归档后才允许打印的病历监控类型","0000","配置的文书类型，在未归档前不允许打印。","98360","1","emr_print_parameter","EnumerationMultiSelect_MONITORING","991827","0","2025-02-10 21:00:22","2025-02-10 21:00:22","57393746696202243","57393746696202243","",""
"209099920099233459","COMMON289","病历簿中病历标题的取值来源","1","病历簿中病历标题的取值来源，选项值{模板名称，显示名称}，单选，默认“显示名称” PARAMSELECTIONS[1:模板名称,2:显示名称]","98360","1","common","EnumerationSelect","991827","0","2025-02-10 22:22:12","2025-02-10 22:22:12","10007","10007","",""
"233283456546351642","COMMON290","提交病历触发【输血反应登记】事件的监控类型","0000","提交病历触发【输血反应登记】事件的监控类型","98360","1","common","EnumerationMultiSelect_MONITORING","991827","0","2025-02-10 22:22:48","2025-02-10 22:22:48","10007","10007","",""
"322383422926527149","COMMON296","上级医生跟随主任查房并参与审签的病历监控类型","125044676345810980,125044676345810998,125044676345810986","主任和随查医生都可以审签，主任审签通过流程结束","98360","1","emr_review","EnumerationMultiSelect_MONITORING","991827","0","2025-02-10 22:20:20","2025-10-10 21:26:11","57393746696202243","365887153697406977","",""
"222383422926573156","COMMON297","参与抢救人员需要审签的病历监控类型","125044678493294592","数据元【参加抢救人员名单399301462】选择的医生可以审签，最高职称的医生审签通过流程结束","98360","1","emr_review","EnumerationMultiSelect_MONITORING","991827","0","2025-02-10 22:20:22","2025-07-16 22:37:22","57393746696202243","366672780525256705","",""
"237383422926574316","COMMON298","指定上级医生需要审签的病历监控类型","125044676345811008","数据元【上级医师姓名399336652】选择的医生需要审签的病历监控类型","98360","1","emr_review","EnumerationMultiSelect_MONITORING","991827","0","2025-02-10 22:20:16","2025-07-21 14:37:35","57393746696202243","366672780525256705","",""
"235383422926574317","COMMON299","患者归档状态不影响病历打印的监控类型","0000","患者归档状态不影响病历打印的监控类型","98360","1","emr_print_parameter","EnumerationMultiSelect_MONITORING","991827","0","2026-03-04 08:01:15","2026-03-04 08:01:15","10","10","",""
"235383422926574418","COMMON300","上级医师移动端签名对接方式","0000","配置上级审签对接移动端签名的方式 ,默认无 PARAMSELECTIONS[0000:无,1:三方移动端]","98360","","emr_review","EnumerationSelect","991827","0","2025-02-10 22:20:50","2025-02-10 23:18:06","10","10"," ",""
"331345722925441907","COMMON311","病程超长时，需要分批生成PDF的份数","100,50","当病程记录的文书超过参数设置的份数时，PDF拆分生成，完成后再合并成一份完成的PDF","98360","","common","text","991827","0","2026-04-02 16:23:27","2026-04-02 16:23:27","10007","920373","",""
"309096920099243462","COMMON312","小孩体表面积计算公式","1","方式1：BSA=0.0061H+0.0128W-0.1529；方式二：BSA= 0.035×体重+0.1 (体重≤30)，BSA=1.05+(体重-30)×0.02 (体重>30) 值：{方式一，方式二}；默认方式一 PARAMSELECTIONS[1:方式一,2:方式二]","98360","1","common","EnumerationSelect","991827","0","2026-04-14 19:55:02","2026-04-14 19:55:02","20250217","20250217"," ",""
"5431302342924425316","COMMON315","配置撤销提交时清除病历签名的逻辑","all","配置撤销提交时清除病历签名的逻辑 PARAMSELECTIONS[submit:清空提交人,all:清空全部]","98360","1","permission_config","EnumerationSelect","991827","0","2025-09-29 10:27:15","2025-10-13 10:33:30","10007","423773344228587520","",""
"235383523926547293","COMMON317","是否启用对接数字化护理流程","1","首次病程记录、术前讨论记录、术前评估单、术后首次病程记录类文书提交时，需调用数字化护理文书接口，传输数据 PARAMSELECTIONS[0:否,1:是]","98360","","common","EnumerationSelect","991827","0","2025-07-12 16:25:05","2025-07-16 14:23:48","20250317","415304991570608129","",""
"332393422926543217","COMMON319","是否启用病历单客户端编辑模式","false","是：单客户端编辑模式；否：多客户端编辑模式","98360","","basic_setting","boolean","991827","0","2025-07-15 09:02:22","2025-10-20 16:15:27","255481783078281216","366672780525256705","",""
"325603422926582646","COMMON325","科室模板审核流程配置","2","配置模板审核页面的科室模板的审核流程 PARAMSELECTIONS[1:一级审核,2:二级审核]","98360","","common","EnumerationSelect","991827","0","2025-04-20 15:06:34","2026-02-06 13:52:09","20250417","427296909628366848"," ",""
"433375122336577413","COMMON330","是否启用选择数据元(非动态数据)允许键盘录入功能","false","是否启用选择数据元(非动态数据)允许键盘录入功能 值：{是，否}；默认否","98360","992262000000001","trace_default","boolean","991827","0","2025-07-12 17:01:57","2025-07-12 17:01:57","57393746696202243","313065599339208704","",""
"439375122336577419","COMMON337","有创呼吸机对应临床服务名称设置","0000","配置病案首页有创呼吸机使用时间（概念ID：399733046）取值对应的临床服务名称","98360","","medical_refer_config","EnumerationMultiSelect","991827","0","2025-08-14 12:58:21","2026-02-04 09:09:10","20250610","366672780525256705","",""
"440375122336577420","COMMON338","病案首页重症监护数据取值来源","2","病案首页重症监护数据取值来源配置为1时，获取卫宁重症监护系统，配合MEDICAL021使用；为2时，从患者本次住院科室中筛选重症监护信息 PARAMSELECTIONS[0000:无,1:卫宁重症监护系统,2:患者住院科室中重症科室,3:患者住院重症床位,4:患者住院重症病区]","98360","","medical","EnumerationSelect","991827","0","2025-08-14 12:58:21","2026-04-04 07:46:52","20250611","366672780525256705","",""
"431945724925492761","COMMON342","自费项目取值来源","1","护士站：护士执行医嘱后的医保自费项目；医生站：医生开立医嘱时勾选为自费 PARAMSELECTIONS[1:护士站,2:医生站]","98360","","common","EnumerationSelect","991827","0","2026-03-04 08:01:16","2026-03-04 08:01:16","1095163","1095163","",""
"332335723468246421","COMMON343","离开病历界面的病历保存提醒类型","2","离开病历界面的病历保存提醒类型 PARAMSELECTIONS[1:强制保存,2:提醒保存]","98360","","basic_setting","EnumerationSelect","991827","0","2025-10-03 09:39:32","2026-01-31 08:01:15","1096017","365887254629138433","",""
"6722100919992009988","COMMON356","手术/首页控件是否允许手动录入医生","1,2,3,4","说明：控制手术/首页手术控件中（术者、一助、二助、麻醉医生）是否允许录入院外机构的医生姓名，默认：无 PARAMSELECTIONS[0:无,1:术者,2:一助,3:二助,4:麻醉医师]","98360","1","surgery","EnumerationMultiSelect","991827","0","2026-03-27 09:25:01","2026-03-27 09:25:44","1182027","365887153697406977","",""
"521383591938561282","COMMON357","手术对接esb参数TranCode","CE_AS31002","该参数为当手麻信息来源选择为 ​​COMMON051（ESB 接口）​​ 时，所需传入的 ESB 接口的交易码     参数值：用户手动录入，默认：CE_AS31002","98360","","common","text","991827","0","2025-09-06 15:36:25","2025-10-20 16:15:55","1189936","1189936","",""
"6722100919992009989","COMMON359","需要发起营养会诊的营养风险评估总分的最小分值","5","设置分值后，参数【营养风险筛查表的模板】配置的模板上的营养风险评估总分（数据元概念id=399317435）大于等于该分值时，在提交病历时，提示医生进行营养会诊","98360","","common","number","991827","0","2025-10-16 14:07:18","2025-12-13 21:59:32","1160655","366672451960258561","",""
"6722100919992009990","COMMON360","营养风险筛查表的模板","460197185896957953","配合参数【需要发起营养会诊的营养风险评估总分的最小分值】使用","98360","","common","EnumerationSelect","991827","0","2025-10-16 14:07:18","2025-12-13 21:59:32","1160655","366672451960258561","",""
"521383591938561285","COMMON363","调用60用血申请单数据查询的接口地址","http://172.17.1.196:30070/lis//external/transblood/request/getApplyItemInfoToBA","通过该地址可查询医生站用血申请的结构化数据内容同步到输血相关病历中","98360","","common","text","991827","0","2025-09-01 12:37:14","2025-10-20 16:15:58","1079131","436436696671019009","",""
"6431945724925492762","COMMON366","自动归档程序是否校验患者存在未提交病历，存在时不归档","0","自动归档程序是否校验患者存在未提交病历（除会诊记录外），存在时不归档 PARAMSELECTIONS[1:是,0:否]","98360","","archive_base","EnumerationSelect","991827","0","2026-03-04 08:01:20","2026-03-04 08:01:20","1159015","1159015","",""
"336603422926578214","COMMON368","获取孕产系统患者的产科检查数据的方式","1","参数开启后，自动同步孕产专科系统中产妇的：身高、孕前体重、产前体重、孕前BMI、产前BMI；专科情况（IS、IC、EC、TO） PARAMSELECTIONS[1:无,2:60孕产专科]","98360","","basic_setting","EnumerationSelect","991827","0","2025-09-05 12:37:54","2025-10-20 16:16:51","20250512","313065543504650240"," ",""
"336603422926578215","COMMON369","患者360显示模式","1","患者360显示模式 PARAMSELECTIONS[1:病历编辑界面页签模式,2:辅助录入嵌入式模式]","98360","","assistance_config","EnumerationSelect","991827","0","2025-09-05 15:37:40","2025-09-30 16:19:38","1232091","1232091","",""
"336603422926578216","COMMON370","启用自动同步数据的监控类型","121383422926546949","配置的监控类型在病历文书创建时自动同步住院或门诊相同模板的病历数据到当前新建的文书中","98360","1","basic_setting","EnumerationMultiSelect_MONITORING","991827","0","2025-09-22 12:36:28","2025-10-20 16:16:50","1234395","366677728327581696","",""
"4334335724468246424","COMMON371","辅助录入-生命体征展示字段配置","temperature,pulse,heartrate,breathe,bloodpressure,bloodOxygenSaturation,height,weight,urinevolume,output,input,bloodSugarMonitoringPeriod,bloodSugar","生命体征展示字段配置；PARAMSELECTIONS[0000:无,0:全部,temperature:体温,pulse:脉搏,heartrate:心率,breathe:呼吸,bloodpressure:血压,bloodOxygenSaturation:血氧饱和度,height:身高,weight:体重,urinevolume:尿量,output:出量,input:入量,srl:输入量,yrl:饮入量,bloodSugarMonitoringPeriod:监测时段,bloodSugar:血糖,cqxt:餐前血糖,chxt:餐后血糖,sjxt:随机血糖]","98360","","assistance_config","EnumerationMultiSelect","991827","0","2026-03-04 07:46:06","2026-03-04 07:46:06","1223609","1223609","",""
"4334335724468346425","COMMON373","病理诊断必须书写【病理附页】的范围设置","[{""diagCode"":""494854"",""diagName"":""霍乱""},{""diagCode"":""494859"",""diagName"":""伤寒""},{""diagCode"":""494860"",""diagName"":""伤寒杆菌败血症""},{""diagCode"":""494861"",""diagName"":""伤寒并发脑膜炎""},{""diagCode"":""494862"",""diagName"":""伤寒复发""}]","病理诊断必须书写【病理附页】的范围设置","98360","","basic_setting","EnumerationMultiSelect_DIAG_SCOPE","991827","0","2025-09-25 14:08:21","2026-02-04 09:08:55","1261181","365887254629138433","",""
"6722100919992029986","COMMON374","仅允许手术申请单中主刀医师、手术一助进行操作的病历监控类型","202301220143243414","仅允许手术申请单中主刀医师、手术一助进行操作的病历监控类型 值：默认无，可多选，下拉选项为病历监控类型","98360","","permission_config","EnumerationMultiSelect_MONITORING","991827","0","2025-09-28 09:37:33","2025-09-28 21:24:20","1233649","366672780525256705","",""
"6722100919992029988","COMMON375","辅助录入-医嘱信息，成组药品医嘱引用时否分开插入病历","1","辅助录入-医嘱信息，控制成组药品医嘱引用时否分开插入病历 PARAMSELECTIONS[1:是,2:否]","98360","","assistance_config","EnumerationSelect","991827","0","2025-10-21 13:57:27","2025-10-21 15:14:57","1109764","365887153697406977","",""
"6733100919992030000","COMMON381","医嘱信息是否展示60门诊处方","1","医嘱信息是否展示60门诊处方 PARAMSELECTIONS[1:是,0:否]","98360","","assistance_config","EnumerationSelect","991827","0","2025-12-01 09:37:46","2025-12-01 20:41:52","1235485","414883502807531520","",""
"327603424926582648","COMMON392","病历查询模块-仅查看已归档患者病历角色配置","0000","针对全院 / 科室级别菜单，配置指定角色仅能查看状态为“已归档”患者病历数据，默认无","98360","","common","EnumerationMultiSelect_ROLE","991827","0","2026-01-26 10:10:13","2026-01-26 10:10:13","1408974","1408974","",""
"6753100919992030007","COMMON398","医技报告界面是否显示全部tab","2","医技报告界面是否显示全部tab  PARAMSELECTIONS[1:是,2:否]","98360","","assistance_config","EnumerationSelect","991827","0","2026-03-09 10:57:17","2026-03-09 16:14:50","1337969","365887153697406977","",""
"6753100919992030008","COMMON399","术前讨论（四级多学科）类型的病历在提交时是否校验参与讨论人员隶属科室数量必须大于设置的值","4","术前讨论（四级多学科）类型的病历在提交时是否校验参与讨论人员隶属科室数量必须大于设置的值","98360","","common","number","991827","0","2026-03-11 14:33:54","2026-03-12 11:07:22","1423902","365887153697406977","",""
"7732100919992029996","COMMON403","提交病历时需要标记发热性中性粒细胞减少症（FN）的监控类型设置","0000","默认为空，设置的监控类型下的病历在提交时，需要调用床卡标签接口打标签，撤销提交时，需要调用床卡标签接口去掉标签","98360","","basic_setting","EnumerationMultiSelect_MONITORING","991827","0","2026-04-08 16:38:52","2026-04-08 16:38:52","1544715","1544715"," ",""
"7733100919992024953","COMMON405","COMMON260生效的科室","0","此参数在COMMON260配置“是”时生效，生效的科室提示患者签名，不生效的科室不提示患者签名，需医生手动触发","98360","","signature_param","EnumerationMultiSelect","991827","0","2026-04-20 09:21:31","2026-04-20 10:48:03","1523941","365887153697406977","",""
"432385722924433366","COMMON406","病历附页内容对接60病案系统调用模式","1","病历附页内容对接60病案系统调用模式 PARAMSELECTIONS[1:适配引擎,2:60病案映射]","98360","","medical","EnumerationSelect","991827","0","2026-04-20 15:02:53","2026-04-20 16:29:36","1566306","1566306"," ",""
"7733100919992024954","COMMON408","抢救记录首次提交后上报院内急救不良事件的对接方式","0","抢救记录首次提交后上报院内急救不良事件的对接方式，选项值{无，混合框架事件}，默认为无 PARAMSELECTIONS[0:无,1:混合框架事件]","98360","","function_switch","EnumerationSelect","991827","0","2026-04-23 11:26:08","2026-04-23 11:26:08","1324336","1324336"," ",""
"121383422926546992","CONS003","会诊完成后是否开启填写反馈。","true","会诊完成后是否开启填写反馈。是：开启，否：关闭。","98360","","inpatient_consult_base","boolean","991827","0","2024-04-22 20:16:58","2024-04-22 20:16:58","","","",""
"121383422926546995","CONS006","会诊是否审核通过后才能在被邀科室显示","false","是：审核通过的会诊，受邀科室才能看到，否：不限制显示。默认为是","98360","","inpatient_consult_action","boolean","991827","0","2024-04-22 20:16:58","2024-04-22 20:16:58","","57393746696202243","",""
"232383422926547121","CONS007","医务处二级审核支持开关","true","医务处二级审核支持开关.开关开启,医务处需要通过二级审核才能通过.开关关闭，医务处需要一级审核才能通过","98360","","inpatient_consult_base","boolean","991827","0","2024-04-22 20:16:58","2024-04-22 20:16:58","","57393746696202243","",""
"121383422926552026","CONSULT_APPLY_TAB_SHOW","申请页签展示的类型","OUT_OF_HOSPITAL_DATA_SET,DIVISION_DATA_SET,MULTIDISCIPLINARY_UNION_DATA_SET","申请页签展示的类型","98360","1","inpatient_consult_show_tab","EnumerationMultiCheckbox","991827","0","2024-04-22 20:16:58","2024-04-22 20:16:58","0","57393570602543106","",""
"121383422976546970","CONSULT_PURPOSE_DATA_GROUP_BED","会诊目的(家庭病床)绑定会诊数据组","0000","会诊目的(家庭病床)绑定会诊数据组","98360","","inpatient_consult_base","enumeration","991827","0","2024-04-22 20:16:58","2024-04-22 20:16:58","","57393746696202243","",""
"121383422936546970","CONSULT_PURPOSE_DATA_GROUP_DIAGONISIS","会诊目的(明确诊断)绑定会诊数据组","0000","会诊目的绑定会诊数据组","98360","","inpatient_consult_base","enumeration","991827","0","2024-04-22 20:16:58","2024-04-22 20:16:58","","57393746696202243","",""
"121383422946546970","CONSULT_PURPOSE_DATA_GROUP_GUIDE","会诊目的(指导治疗)绑定会诊数据组","0000","会诊目的(指导治疗)绑定会诊数据组","98360","","inpatient_consult_base","enumeration","991827","0","2024-04-22 20:16:58","2024-04-22 20:16:58","","57393746696202243","",""
"121383422986546970","CONSULT_PURPOSE_DATA_GROUP_OTHER","会诊目的(其他)绑定会诊数据组","0000","会诊目的(其他)绑定会诊数据组","98360","","inpatient_consult_base","enumeration","991827","0","2024-04-22 20:16:58","2024-04-22 20:16:58","","57393746696202243","",""
"121383422956546970","CONSULT_PURPOSE_DATA_GROUP_PLAN","会诊目的(协助拟定治疗及手术方案)绑定会诊数据组","0000","会诊目的(协助拟定治疗及手术方案)绑定会诊数据组","98360","","inpatient_consult_base","enumeration","991827","0","2024-04-22 20:16:58","2024-04-22 20:16:58","","57393746696202243","",""
"121383422966546970","CONSULT_PURPOSE_DATA_GROUP_SPICIAL","会诊目的(特殊使用级抗菌药物)绑定会诊数据组","0000","会诊目的(特殊使用级抗菌药物)绑定会诊数据组","98360","","inpatient_consult_base","enumeration","991827","0","2024-04-22 20:16:58","2024-04-22 20:16:58","","57393746696202243","",""
"222383422936561234","CONSULT_REPLY_DATA_GROUP_399572526","抗菌药物会诊答复绑定的数据组","0","抗菌药物会诊答复绑定的数据组","98360","","inpatient_consult_base","enumeration","991827","0","2024-04-22 20:16:58","2024-04-22 20:16:58","","57393746696202243","",""
"221483422926552121","CONSULT_REPLY_DEPARTMENT_DATA_GROUP","科内会诊意见绑定会诊数据组","0","科内会诊意见绑定会诊数据组","98360","1","inpatient_consult_base","enumeration","991827","0","2024-04-22 20:16:58","2024-04-22 20:16:58","0","57393570602543106","",""
"121383422936556970","CONSULT_REPLY_NORMAL_DATA_GROUP","科间会诊意见绑定会诊数据组","0000","科间会诊意见绑定会诊数据组","98360","","inpatient_consult_base","enumeration","991827","0","2024-04-22 20:16:58","2024-04-22 20:16:58","","57393746696202243","",""
"121383422936566970","CONSULT_REPLY_OUTOFHOSPITAL_DATA_GROUP","院外会诊意见绑定会诊数据组","0000","院外会诊意见绑定会诊数据组","98360","","inpatient_consult_base","enumeration","991827","0","2024-04-22 20:16:58","2024-04-22 20:16:58","","57393746696202243","",""
"122383422936536970","CONSULT_REPLY_REPLACE","申请科室代答复","false","申请科室代答复","98360","","inpatient_consult_base","boolean","991827","0","2024-04-22 20:16:58","2024-04-22 20:16:58","","57393746696202243","",""
"122383422936566970","CONSULT_REPLY_UNION_DATA_GROUP","多学科联合会诊意见绑定数据组","0000","多学科联合会诊意见绑定数据组","98360","","inpatient_consult_base","enumeration","991827","0","2024-04-22 20:16:58","2024-04-22 20:16:58","","57393746696202243","",""
"221383422926547011","CONTACT_NAME_NUM","病案首页同步联系人姓名的人数配置","1","配置病案首页数据元【联系人姓名】同步多少个联系人姓名  值：{1,2,3,4,5}；默认1  ","98360","","medical_refer_config","EnumerationSelect","991827","0","2025-08-14 12:58:21","2026-02-04 09:09:10","10007","925109","",""
"323183422934547273","COPILOT_CLIENT_SIGN","是否链接copilot客户端","true","是否链接copilot客户端","98360","","gpt_config","boolean","991827","0","2024-07-21 11:31:22","2026-02-06 13:51:48","255480612717443072","360300928106184705","",""
"323183422934547274","COPILOT_INVOKE_ADDRESS","设置客户端接口地址","https://copilot.winning.com.cn","调用copilot接口地址前缀，默认为空","98360","","gpt_config","text","991827","0","2024-07-21 11:31:22","2025-02-25 13:51:41","255480612717443072","360300928106184705","",""
"5722100909992009939","COURSE_PDF_PRINT_NUMBER","病程记录启用PDF打印的数量配置","60","当病程记录的文书数量大于等于参数配置的数量时，允许使用PDF进行打印","98360","","emr_print_parameter","number","991827","0","2024-04-22 20:16:58","2024-04-22 20:16:58","57393746696202243","57393746696202243","",""
"5723092716992009959","COURSE_SET_BLANK_LINE","连续病程之间是否设置空行","false","连续病程之间是否设置空行","98360","1","emr_print_parameter","boolean","991827","0","2024-04-22 20:16:58","2025-02-10 22:59:37","1","255480612717443072","",""
"233283456546351115","DEFAULT_PRINT_MODE","默认打印模式","0","默认打印模式","98360","1","emr_print_general","boolean","991827","0","2024-04-22 20:16:58","2024-04-22 20:16:58","57393746696202243","57393746696202243","",""
"221483412926552121","DEPARTMENMT_DATA_SET","科内会诊","0","科内会诊绑定的会诊申请模板","98360","1","inpatient_consult_template","enumeration","991827","0","2024-04-22 20:16:58","2024-04-22 20:16:58","0","57393570602543106","",""
"210090999211261991","DEPARTMENT_LINK","科室环节整改单","399573892"," 1、点击整改，修改后不走审签流程。2、点击撤销提交（或召回），修改后走审签流程，审签通过可进行审核","98360","0","emr_qc_base","enumeration","991827","0","2024-04-22 20:16:58","2025-08-12 19:59:31","57393746696202243","365887153697406977","",""
"191383422926546970","DEPT_PRINT_PARAMETER","科室中审签通过的病历文书是否打印的参数控制","0000","科室中审签通过的病历文书是否打印的参数控制","98360","","emr_review","EnumerationMultiSelect","991827","0","2024-04-22 20:16:58","2025-08-20 14:57:11","","366672451960258561","",""
"5121383422926546997","DESENSITISE001","是否开启高客患者的脱敏设置","false","是否开启高客患者的脱敏设置，默认为否","98360","","DESENSITISE","boolean","991827","0","2024-07-21 11:33:31","2025-02-10 22:26:37","10007","10007","",""
"432383422926591257","DISCHARGED_FLAG","患者出区事件（399336110）触发后，是否匹配到医嘱待书写任务并根据执行时间更新超时时间","false","是否通过患者出区事件（399336110）更新病历超时时间，值：{是，否}；默认否","98360","","inp_emr_time","boolean","991827","0","2024-04-22 20:16:58","2024-07-11 15:29:46","57393746696202243","255481783078281216","",""
"432383422926591259","DISCHARGED_MONITORS","配置哪些出区待书写病历的超时时间需要更新为【护士操作出区时间+质控时限】","0000","需要根据护士出区事件更新超时时间的病历监控类型","98360","","inp_emr_time","EnumerationMultiSelect_MONITORING","991827","0","2024-04-22 20:16:58","2024-07-11 15:29:46","57393746696202243","57393746696202243","",""
"432383422926547218","DISCHARGED_TIME_MONITORS","没有患者出区时间时，需要取医嘱出院时间的病历监控类型","125044680640778262,125044678493294624","配置哪些病历中的数据元出院日期时间（399336424）没有患者出区时间时需要取患者出院医嘱的出院时间","98360","","common","EnumerationMultiSelect","991827","0","2024-04-22 20:16:58","2026-03-13 15:39:13","57393746696202243","365887153697406977","",""
"4333751223365473134","DISCHARGE_DRUG_QUOTE_TYPE","引用出院带药时是否默认表格形式","false","引用出院带药时是否默认表格形式，选项：｛是，否｝，默认否","98360","","common","boolean","991827","0","2024-04-22 20:16:58","2024-04-22 20:16:58","57393746696202243","57393746696202243","",""
"121383422926552021","DIVISION_DATA_SET","科间会诊","0","科间会诊绑定的会诊申请模板","98360","1","inpatient_consult_template","enumeration","991827","0","2024-04-22 20:16:58","2024-04-22 20:16:58","0","57393570602543106","",""
"121383422926546974","DY001","科室或院级短语是否需要审核","true","是：需要审核；否：不需要审核。","98360","","common","boolean","991827","0","2024-04-22 20:16:58","2025-04-21 09:53:42","","366672780525256705","",""
"5722100909992009934","EDITOR_COPY_BY_SAME_PATIENT","患者病历内容复制时是否需要字数警示","false","参数开启时，患者病历内容复制粘贴时是否需要校验配置的字数 值：{是，否}；默认否","98360","1","configure_editors_copy_rule","boolean","991827","0","2024-04-22 20:16:58","2024-04-22 20:16:58","57393746696202243","57393746696202243","",""
"5722100909992009935","EDITOR_COPY_NUMBER_BY_SAME_PATIENT","患者病历内容复制时的警示字数设置","100","患者病历内容复制字数大于等于配置项时弹出警示 值：输入框，只能输入正整数；默认100","98360","1","configure_editors_copy_rule","number","991827","0","2024-04-22 20:16:58","2024-04-22 20:16:58","57393746696202243","57393746696202243","",""
"233283456546350014","EDITOR_DIFFERENT_PATIENT_COPY","是否支持不同病人之间的病历相互复制粘贴","true","是否支持不同病人之间的病历相互复制粘贴","98360","1","configure_editors_copy_rule","boolean","991827","0","2024-04-22 20:16:58","2024-04-22 20:16:58","57393746696202243","57393746696202243","",""
"233283456546350012","EDITOR_EXTERNAL_COPY","是否支持从外部编辑器复制粘贴","true","是否支持从外部编辑器复制粘贴","98360","1","configure_editors_copy_rule","boolean","991827","0","2024-04-22 20:16:58","2024-04-22 20:16:58","57393746696202243","57393746696202243","",""
"433375122336547214","EDITOR_INIT_PERCENTAGE","病历编辑页面初始百分比设置","100","病历编辑页面初始百分比设置，填写百分比，默认：100","98360","","trace_default","number","991827","0","2024-04-22 20:16:58","2024-04-22 20:16:58","57393746696202243","57393746696202243","",""
"121383422926546970","EG001","病历首次归档时间","3","患者出区后在指定的时间后自动归档","98360","","archive_base","number","991827","0","2024-04-22 20:16:58","2026-03-06 15:05:26","","365887153697406977","",""
"121383422926556970","EG001_2","存在有效病理医嘱的患者首次自动归档时间设置（天数）","0","存在有效病理医嘱的患者首次自动归档时间设置（天数），为0时默认不启用","98360","","archive_base","number","991827","0","2026-03-05 16:43:34","2026-03-06 15:27:55","255481783078281216","365887153697406977","",""
"121383422926546971","EG002","撤销归档后再次归档时间","3","病历归档召回后必须在指定的时间内完成编辑，到指定的时间病历状态自动改成归档","98360","","archive_base","number","991827","0","2024-04-22 20:16:58","2024-04-22 20:16:58","57393746696202243","57393746696202243","",""
"121383422926546972","EG003","病历自动归档时间计算方式","390030265","病历自动归档计算时间：按出区时间计算、按出院时间计算 PARAMSELECTIONS[390030265:出区日期,390030264:出院日期]","98360","","archive_base","EnumerationSelect","991827","0","2024-04-22 20:16:58","2025-02-10 22:35:56","","57393746696202243","",""
"221383422926546998","EG004","是否允许查看本科室的已归档病历","true","是：允许查看；否：没有查看权限 可以借阅","98360","","archive_base","boolean","991827","0","2024-04-22 20:16:58","2024-04-22 20:16:58","","57393746696202243","",""
"233283456546350001","EG005","住院病历归档方式","5","住院病历归档方式 PARAMSELECTIONS[true:60无纸化,1:60病案,false:住院病历,3:三方病案（病历归档触发）,4:三方病案（质控触发）,5:三方病案（三方全流程）,6:三方病案（三方归档触发）]","98360","","archive_base","EnumerationSelect","991827","0","2024-04-22 20:16:58","2025-09-03 21:21:37","57393746696202243","366672780525256705","",""
"233283456546350005","EG007","患者出区后不允许手动提交病历时间","0","患者出区后在指定时间不允许手动提交归档","98360","","archive_base","number","991827","0","2024-04-22 20:16:58","2024-04-22 20:16:58","57393746696202243","57393746696202243","",""
"233283456546350006","EG008","病历不会自动归档的临床科室","0000","配置在参数中的科室不会在患者出区和撤销提交后内自动归档","98360","","archive_base","EnumerationMultiSelect","991827","0","2024-04-22 20:16:58","2024-04-22 20:16:58","57393746696202243","57393746696202243","",""
"233283456546363211","EG009","死亡患者首次自动归档时间设置（天数）","7","死亡患者出区后在指定的时间后自动归档","98360","","archive_base","number","991827","0","2024-04-22 20:16:58","2024-04-22 20:16:58","57393746696202243","57393746696202243","",""
"233283456546363212","EG010","死亡患者再次归档时间设置（天数）","7","死亡患者病历归档召回后在设置的时间完成再次归档","98360","","archive_base","number","991827","0","2024-04-22 20:16:58","2024-04-22 20:16:58","57393746696202243","57393746696202243","",""
"233283456546363213","EG011","病历自动归档是否跳过节假日","false","参数值“是”，跳过节假日；参数值“否”，不跳过节假日。","98360","","archive_base","boolean","991827","0","2024-04-22 20:16:58","2026-03-06 15:01:56","57393746696202243","365887153697406977","",""
"233283456546363214","EG012","需要开启手动归档的患者类型","0000","1、出院患者、2、死亡出院患者、3、出院召回患者 4、死亡出院召回患者；默认为空，支持多选","98360","","archive_base","EnumerationMultiSelect","991827","0","2024-04-22 20:16:58","2024-04-22 20:16:58","57393746696202243","57393746696202243","",""
"233283456556363214","EG013"," “病理延迟”操作次数限制（次）","0000","病理延迟”操作次数限制（次）   XX   正整数    默认空（表示不限制，置亮可操作，反之超过操作次数限制，提醒“病理延迟”操作次数限制【x次】”）  ；【x次】=参数值+单位  ","98360","","archive_base","number","991827","0","2024-04-22 20:16:58","2024-04-22 20:16:58","","57393746696202243","255481783078281216",""
"233283457556363214","EG014"," 归档患者在规定时间（小时）内不可操作“召回申请、病理延迟”操作        xx小时（正整数）","0000","默认为空，表示“召回申请、病理延迟”操作不受时间限制，一直可操作状态； 当数值>=1时，例如：设置24小时，表示“召回申请、病理延迟”在出院时间24小时后可以操作，24小时之内“召回申请、病历延迟”置灰不可操作","98360","","archive_base","number","991827","0","2024-04-22 20:16:58","2024-04-22 20:16:58","","57393746696202243","255481783078281216",""
"233283456756363214","EG015","出院患者限定时间（小时）内可操作“撤销归档”     xx小时（正整数）  ","0000","默认为空，表示“撤销归档”操作不受时间限制，置亮可操作状态；  数值>=1时，例如：设置24小时，表示“撤销归档”在出院时间24小时内可以操作，超过24个小时后，点击“撤销归档”时提醒“出院后撤销归档有效时间【24小时】已过，请走召回流程”；【】提醒内容=参数设置的小时数+单位=24小时","98360","","archive_base","number","991827","0","2024-04-22 20:16:58","2024-04-22 20:16:58","","57393746696202243","255481783078281216",""
"233283456756363215","EG016","病历自动归档提醒的类型","true","自动归档提醒：​​ 对自动归档科室，在病历即将被系统自动归档前发送提醒；​​缺项提醒：​​ 在归档前自动检查并发送必填项缺失的提醒。 PARAMSELECTIONS[false:无,true:归档缺项提醒,2:自动归档提醒]","98360","","archive_tips","EnumerationSelect","991827","0","2024-04-22 20:16:58","2025-10-31 22:37:32","255481783078281216","366672780525256705","",""
"121383422926546977","EIN002","现病史","结构化编码值","智能输入现病史标签","98360","","intelligent_input_tag","number","991827","0","2024-04-22 20:16:58","2024-04-22 20:16:58","","","",""
"5723092716992009971","EMPLOYMENT_STATUS_CONFIG","手术信息弹框人员选择集合展示哪些在职状态","152437,399575142,399575143,399575144","手术信息弹窗员工查询，限制在职状态","98360","","surgery","EnumerationMultiSelect","991827","0","2024-07-21 11:34:29","2025-02-10 22:27:02","57393746696202243","255480612717443072","",""
"121383422926547215","EMRAUDIT001","是否支持科室/诊疗组上级医生共享病历的编辑提交权限","1","是否支持科室/诊疗组上级医生共享病历的编辑提交权限，选项值{否，诊疗组，科室}  PARAMSELECTIONS[0:否,1:诊疗组,2:科室]","98360","","permission_config","EnumerationSelect","991827","0","2024-04-22 20:16:58","2025-09-28 18:53:43","","364799305053323264","",""
"4213123445226546978","EMR_CLASS_DEFAULT_DEPT_MRT_FLAG","是否启用科室默认模板功能","false","住院病历是否自动创建科室模板参数,默认否","98360","","default_dept_mrt","boolean","991827","0","2024-04-22 20:16:58","2024-04-22 20:16:58","1","57393746696202243","",""
"232383422926557126","EMR_COLOR_CONFIGURATION","病历显示颜色","{""colorConfig"":""set"",""emrSetStatus"":{""960074"":""#0D23CB"",""390030245"":null,""390030405"":""#CB0D0D"",""390030407"":""#296FC5"",""399017130"":""#CF0202"",""399297355"":null,""399297358"":""#601919"",""399694271"":null,""399775520"":null,""399775521"":null},""bgEmrSetStatus"":{""960074"":"""",""390030245"":""#54EBCD"",""390030405"":null,""390030407"":"""",""399017130"":"""",""399297355"":null,""399297358"":null,""399694271"":""#FF00EA"",""399775520"":null,""399775521"":null},""seqNo"":6}","病历显示颜色","98360","0","emr_rhb_layout","text","991827","0","2024-04-22 20:16:58","2026-03-25 19:28:23","57393667239307269","366672780525256705","",""
"232383422926557129","EMR_COLOR_CONSULT_CONFIGURATION","会诊病历显示颜色","{""colorConfig"":""set"",""emrSetStatus"":[{""emrSetStatusCode"":""390030405"",""emrSetStatusName"":""草稿"",""colorValue"":""#000000""},{""emrSetStatusCode"":""399329838"",""emrSetStatusName"":""已发送"",""colorValue"":""#000000""},{""emrSetStatusCode"":""399329840"",""emrSetStatusName"":""已确认"",""colorValue"":""#000000""},{""emrSetStatusCode"":""399329841"",""emrSetStatusName"":""已审核"",""colorValue"":""#000000""},{""emrSetStatusCode"":""399329842"",""emrSetStatusName"":""已接受"",""colorValue"":""#000000""},{""emrSetStatusCode"":""399329843"",""emrSetStatusName"":""已会诊"",""colorValue"":""#000000""},{""emrSetStatusCode"":""399329844"",""emrSetStatusName"":""已反馈"",""colorValue"":""#000000""},{""emrSetStatusCode"":""399329845"",""emrSetStatusName"":""已评价"",""colorValue"":""#000000""},{""emrSetStatusCode"":""399394430"",""emrSetStatusName"":""会诊结束"",""colorValue"":""#000000""},{""emrSetStatusCode"":""399583869"",""emrSetStatusName"":""待发送"",""colorValue"":""#000000""},{""emrSetStatusCode"":""399585476"",""emrSetStatusName"":""已驳回"",""colorValue"":""#000000""}],""bgEmrSetStatus"":[{""emrSetStatusCode"":""390030405"",""emrSetStatusName"":""草稿"",""colorValue"":""""},{""emrSetStatusCode"":""399329838"",""emrSetStatusName"":""已发送"",""colorValue"":""""},{""emrSetStatusCode"":""399329840"",""emrSetStatusName"":""已确认"",""colorValue"":""""},{""emrSetStatusCode"":""399329841"",""emrSetStatusName"":""已审核"",""colorValue"":""""},{""emrSetStatusCode"":""399329842"",""emrSetStatusName"":""已接受"",""colorValue"":""""},{""emrSetStatusCode"":""399329843"",""emrSetStatusName"":""已会诊"",""colorValue"":""""},{""emrSetStatusCode"":""399329844"",""emrSetStatusName"":""已反馈"",""colorValue"":""""},{""emrSetStatusCode"":""399329845"",""emrSetStatusName"":""已评价"",""colorValue"":""""},{""emrSetStatusCode"":""399394430"",""emrSetStatusName"":""会诊结束"",""colorValue"":""""},{""emrSetStatusCode"":""399583869"",""emrSetStatusName"":""待发送"",""colorValue"":""""},{""emrSetStatusCode"":""399585476"",""emrSetStatusName"":""已驳回"",""colorValue"":""""}],""seqNo"":6}","会诊病历显示颜色","98360","","emr_rhb_layout","text","991827","0","2025-12-15 18:23:56","2025-12-15 18:23:56","57393667239307269","313065543504650240","",""
"332383422926418602","EMR_CREATEBY_LAYOUT","病历所属人","{""separator"":""<#>"",""seqNo"":3,""fieldName"":""emrSetAuthorByName""}","病历所属人","98360","0","emr_rhb_layout","text","991827","0","2025-02-10 23:19:07","2025-04-21 10:06:13","57393667239307269","366672780525256705","",""
"333283455236348612","EMR_LOCK_REVIEW_INFORM","是否开启病历解锁审核消息通知功能","false","参数开启后，需要病案室质控员、质控科质控员审核时在质控系统提醒","98360","","inp_emr_time_qcr","boolean","991827","0","2025-02-12 11:03:16","2025-04-21 09:53:38","10","366672780525256705","",""
"4213122654226546978","EMR_MED_ARCHIVE_ATTACHED_SHEET_FLAG","是否允许添加专科附页","false","是：显示添加附页按钮；否：不显示添加附页按钮；默认参数：否","98360","","medical","boolean","991827","0","2024-04-22 20:16:58","2024-04-22 20:16:58","1","57393746696202243","",""
"233283454546347098","EMR_OVER_TIME_LOCK_FLAG","病历超时锁定是否开启","false","是：开启锁定 否：关闭锁定","98360","","inp_emr_time_qcr","boolean","991827","0","2024-04-22 20:16:58","2025-02-25 17:49:30","10","366672780525256705","",""
"232383422926557122","EMR_RECORD_TIME_LAYOUT","病历记录时间","{""separator"":"""",""layout"":""yyyy-mm-dd"",""seqNo"":1,""fieldName"":""inpatEmrSetFileTime""}","病历记录时间","98360","0","emr_rhb_layout","text","991827","0","2024-04-22 20:16:58","2025-02-14 09:38:33","57393667239307269","366672780525256705","",""
"233283454546347099","EMR_SECOND_LOCK_FLAG","解锁后再次锁定是否开启","false","是：开启锁定 否：关闭锁定","98360","1","inp_emr_time_qcr","boolean","991827","0","2024-04-22 20:16:58","2025-02-25 17:49:37","10","366672780525256705","",""
"233283454546347100","EMR_SECOND_LOCK_TIME","默认再次锁定时间间隔","3","设置锁定后的再次锁定的默认时间间隔，默认3天","98360","1","inp_emr_time_qcr","EnumerationMultiSelect","991827","0","2024-04-22 20:16:58","2024-04-22 20:16:58","10","57393746696202243","",""
"232383422926547017","EMR_SET_AUTHORS","是否允许更改病历起草者","true","是否允许更改病历起草者","98360","","permission_config","boolean","991827","0","2024-04-22 20:16:58","2025-02-13 12:50:55","","366672780525256705","",""
"221443422926547021","EMR_SIGN_PICTURE","病历签名时插入的图片来源","3","1使用主数据的员工签名图片；2使用自动生成的姓名文字图片；3优先使用主数据的员工签名图片，没有的话使用姓名文字图片 PARAMSELECTIONS[1:主数据,2:文本,3:主数据>文本]","98360","","signature_param","EnumerationSelect","991827","0","2024-04-22 20:16:58","2026-03-30 19:14:31","10","365887153697406977","",""
"432383422926591265","EMR_SIGN_PICTURE_HEIGHT","病历文书中签名图片的显示高度","30","设置病历文书中签名图片的高度(单位：px)，大于0正整数，默认为30","98360","","signature_param","number","991827","0","2024-05-09 09:47:22","2024-07-11 15:28:49","255480612717443072","255480612717443072","",""
"232383422926557125","EMR_STATUS_LAYOUT","病历状态","{""separator"":""《#》"",""seqNo"":4,""fieldName"":""inpEmrDisplayStatusName""}","病历状态","98360","0","emr_rhb_layout","text","991827","0","2024-04-22 20:16:58","2025-02-14 09:38:33","57393667239307269","366672780525256705","",""
"232383422926557123","EMR_TITLE_LAYOUT","病历标题","{""separator"":""【#】"",""seqNo"":2,""fieldName"":""inpatEmrSetListTitle""}","病历标题","98360","0","emr_rhb_layout","text","991827","0","2024-04-22 20:16:58","2025-02-14 09:38:33","57393667239307269","366672780525256705","",""
"5723092716992009961","EMR_WRITE_DISPLAY_OPERTOR","病历书写界面是否显示操作人和操作时间","true","病历书写界面是否显示操作人和操作时间","98360","","common","boolean","991827","0","2024-04-22 20:16:58","2024-04-22 20:16:58","57393746696202243","57393746696202243","",""
"121583422426547018","ENABLE_ORGS","是否启用多机构模式","true","是否启用多机构模式   是/否  默认 否","98360","","common","boolean","991827","0","2024-04-22 20:16:58","2024-04-22 20:16:58","","10","",""
"210090999211261993","END_OF_DEPARTMENT","科室终末整改单","399573892"," 1、点击整改，修改后不走审签流程。2、点击撤销提交（或召回），修改后走审签流程，审签通过可进行审核","98360","0","emr_qc_base","enumeration","991827","0","2024-04-22 20:16:58","2025-08-13 13:48:43","57393746696202243","365887153697406977","",""
"210090999211261994","END_OF_HOSPITAL","全院终末整改单","399573892"," 1、点击整改，修改后不走审签流程。2、点击撤销提交（或召回），修改后走审签流程，审签通过可进行审核","98360","0","emr_qc_base","enumeration","991827","0","2024-04-22 20:16:58","2025-08-13 13:48:39","57393746696202243","365887153697406977","",""
"213375122336548211","ESB_SHORT_MSG_ADDRESS","ESB短信发送地址","http://172.17.1.94:26001/winningInnerStandard","ESB短信发送地址","98360","8888","inpatient_consult_base_new","text","991827","0","2025-02-10 21:02:58","2025-08-05 17:16:27","57393746696202243","365887153697406977","consult_short_message_address",""
"323183422934547270","GPT001","对接地址","https://copilot.winning.com.cn/api/v1/copilot/prompt/stream","参数可不配，后续废弃，使用【链接copilot客户端模式配置】及【设置客户端接口地址】配置即可","98360","","gpt_config","text","991827","0","2024-04-22 20:16:58","2026-02-06 13:51:48","","360300928106184705","",""
"323183422934547271","GPT002","业务编码","WiNEX_EMR","参数可不配，前端默认为【WiNEX_EMR】，参数配置后取参数设置值","98360","","gpt_config","text","991827","0","2024-04-22 20:16:58","2026-02-06 13:51:48","","360300928106184705","",""
"323183422934547272","GPT003","API-KEY","st-2rYpau9j9wcRVozuB6cTDg==","参数可不配，前端默认为【st-2rYpau9j9wcRVozuB6cTDg==】，参数配置后取参数设置值","98360","","gpt_config","text","991827","0","2024-04-22 20:16:58","2026-02-06 13:51:48","","360300928106184705","",""
"121383422926552025","HOME_BED_DATA_SET","家床会诊","0","家床的会诊申请模板","98360","1","inpatient_consult_template","enumeration","991827","0","2024-04-22 20:16:58","2024-04-22 20:16:58","0","57393570602543106","",""
"5723092716992009966","HOSPITAL_CAN_SHOW_QC_RESULT","医生站智能提醒区域是否显示质控校验结果","true","是：校验并提示；否：校验不提示  参数值：是/否，默认是","98360","","common","boolean","991827","0","2024-04-22 20:16:58","2025-10-16 16:12:45","10","364799305053323264","",""
"210090999211271993","HOSPITAL_END_RANDOM_INSPECTION","全院终末质控抽查","399573892","全院终末质控抽查","98360","0","emr_qc_base","enumeration","991827","0","2024-04-22 20:16:58","2025-08-13 15:09:16","57393746696202243","366071534496616449","",""
"210090999211261992","HOSPITAL_LINK","全院环节整改单","399573892"," 1、点击整改，修改后不走审签流程。2、点击撤销提交（或召回），修改后走审签流程，审签通过可进行审核","98360","0","emr_qc_base","enumeration","991827","0","2024-04-22 20:16:58","2025-08-12 19:59:35","57393746696202243","365887153697406977","",""
"210090999211271992","HOSPITAL_LINK_RANDOM_INSPECTION","全院环节质控抽查","399573892","全院环节质控抽查","98360","0","emr_qc_base","enumeration","991827","0","2024-04-22 20:16:58","2025-08-13 15:09:10","57393746696202243","366071534496616449","",""
"432383422926547220","INCOMPLETE_FILTER_DEPTS","需要按照登录科室过滤的待书写监控类型","125044676345811010,125044676345811008","配置某些监控类型的待书写任务需要按照登录科室显示和关联","98360","","inp_emr_time","EnumerationMultiSelect_MONITORING","991827","0","2024-04-22 20:16:58","2024-04-22 20:16:58","57393746696202243","57393746696202243","",""
"432383422926547217","INCOMPLETE_REMIND_TYPE","待书写任务实际完成时间匹配时间取值类型","true","值：{病历创建时间(否)，病历首次提交时间(是)}；默认否","98360","","inp_emr_time","boolean","991827","0","2024-04-22 20:16:58","2025-02-14 17:50:47","57393746696202243","366677728327581696","",""
"432383422926591253","INCOMPLETE_WITH_CREATE","是否启用新建病历手动关联待书写的功能","true","值：{是，否}；默认否","98360","","inp_emr_time","boolean","991827","0","2024-04-22 20:16:58","2025-02-13 12:41:12","57393746696202243","366672780525256705","",""
"5723092716992009960","INP_EMR_WITH_CDSS_QC","住院病历是否调用CDSS质控","true","住院病历是否调用CDSS质控","98360","","common","boolean","991827","0","2024-04-22 20:16:58","2024-04-22 20:16:58","","255480612717443072","",""
"311383422926541421","INVITED_DEPTS_SIGN_IN","哪些受邀科室无需签到","0000","受邀科室签到配置","98360","8888","inpatient_consult_base_new","EnumerationMultiSelect","991827","0","2025-04-29 09:15:52","2025-12-04 19:38:28","8888","414883502807531520","sign_in_class",""
"1238342292608227140","IS_OPEN_EXPERTISE_CODE_MAPPING","是否开启职称映射","true","是否开启职称映射","98360","","employee_mapping","boolean","991827","0","2024-07-21 12:11:16","2026-01-20 21:54:25","","366672780525256705","",""
"221383422926546211","IS_OPEN_MEDICAL_MSG","是否开启医务消息发送","true","是否开启医务消息发送是：开启，否：关闭。","98360","1","inpatient_consult_base_new","boolean","991827","0","2024-04-22 20:16:58","2025-08-26 21:36:00","1","414870970092961793","consult_short_message_",""
"5723092716992009968","JUDGE_HEADINGS_REQUIRED","是否校验段落标题必填属性","false","是否校验段落标题必填属性","98360","992262000000001","trace_default","boolean","991827","0","2024-05-28 09:10:45","2025-02-10 22:57:06","57393746696202243","149383352011524101","",""
"421383422921547142","LABEL_SCOPE","标签病历文书查询范围 1.本次就诊;2.本次就诊+历史就诊","1","标签病历文书查询范围,1.本次就诊;2.本次就诊+历史就诊；默认1.本次就诊","98360","","medtech","EnumerationSelect","991827","0","2024-04-22 20:16:58","2024-04-22 20:16:58","57393572750026754","57393572750026754","",""
"233283454546347101","LOCK_CONDITION","超时锁定患者的条件配置","0000","超时锁定患者后，不能新增和修改病历","98360","1","inp_emr_time_qcr","text","991827","0","2025-02-10 21:10:32","2025-02-20 17:38:43","10007","366672780525256705","",""
"316011766515726122","MDT_FOLLOWUP","MDT随访绑定配置","327652422206563329","MDT随访绑定配置","98360","","inpatient_consult_base_new","EnumerationSelect","991827","0","2024-04-22 20:16:58","2025-02-14 13:40:43","255480612717443072","365887254629138433","MDT_FOLLOWUP",""
"421249221395372343","MEDICAL001","病案首页年龄一周岁以下年龄月显示格式参数控制","2","增加病案首页年龄一周岁以下年龄月显示格式参数控制：1.几月几天；2. 2 15/30月（表示2个月15天）；默认2；一岁以下的显示年龄填充到年龄月","98360","0","medical","EnumerationSelect","991827","0","2024-04-22 20:16:58","2024-04-22 20:16:58","1","57393746696202243","",""
"421249221395372344","MEDICAL002","病案首页年龄几天以下到时参数控制","0","病案首页年龄几天以下到时参数控制，默认为0；此参数只在（1）设置为1时生效；如果：该参数设置为2天时，患儿年龄是1天10小时，并且参数（1）设置的是1，则显示年龄月显示1天10小时；患儿年龄是2天10小时，则显示2天","98360","0","medical","EnumerationSelect","991827","0","2024-04-22 20:16:58","2025-09-23 17:24:08","1","357546730935500801","",""
"421249221395372345","MEDICAL003","不满一周岁首页上年龄和年龄月是否都填写","false","不满一周岁首页上年龄和年龄月是否都填写；默认否，设置为否是，一周岁以下的患儿只需填写年龄月；设置为是，一周岁以下患儿年龄和年龄月都要填写","98360","0","medical","boolean","991827","0","2024-04-22 20:16:58","2024-04-22 20:16:58","1","57393572750026754","",""
"421249221395372346","MEDICAL004","几岁以上显示患者年龄只显示岁","1","几岁以上显示患者年龄只显示岁；默认值为1；如果设置1,患儿是1岁10个月，则首页上年龄填充为1岁","98360","0","medical","EnumerationSelect","991827","0","2024-04-22 20:16:58","2024-04-22 20:16:58","1","57393572750026754","",""
"421249221395372347","MEDICAL005","病案首页的门诊诊断是否只显示主诊断","true","病案首页的门诊诊断是否只显示主诊断，默认是","98360","0","medical","boolean","991827","0","2024-04-22 20:16:58","2025-07-12 17:01:49","57393746696202243","57393746696202243","",""
"421383422921547238","MEDICAL006","病案首页员工签名显示方式","1","增加病案首页员工签名显示方式：1.文本 2.电子图片","98360","1","medical","EnumerationSelect","991827","0","2024-04-22 20:16:58","2024-04-22 20:16:58","1","57393746696202243","",""
"421383427821546979","MEDICAL007","【出院结算和病历归档是否触发首页费用信息更新】","false","【出院结算和病历归档是否触发首页费用信息更新】，是：触发更新；否：不触发更新  默认：否","98360","","medical","boolean","991827","0","2024-04-22 20:16:58","2024-04-22 20:16:58","1","57393746696202243","",""
"421383427821546980","MEDICAL008","首页中手术信息最多能录入多少条","15","首页中手术信息最多能录入多少条","98360","","medical","EnumerationSelect","991827","0","2024-04-22 20:16:58","2024-04-22 20:16:58","57393746696202243","57393746696202243","",""
"421383427821546981","MEDICAL009","在首页显示诊断编码的编码体系","0000","默认全部","98360","","medical","EnumerationMultiSelect","991827","0","2024-04-22 20:16:58","2024-04-22 20:16:58","57393746696202243","57393746696202243","",""
"221383422922548256","MEDICAL010","ESB集成平台（非标准网关）","http://172.17.1.94:26001/winninghiip","协议归属?到业务条线（Body可自定义），地址格式：http://ip:port/winningInnerStandard   参数值：默认为空","98360","","medical_refer_config","text","991827","0","2024-04-22 20:16:58","2026-02-04 09:09:10","","414311922117328896","",""
"421383422921557238","MEDICAL011","病案首页是否调用接口组提供的三方数据集合","true","是：调用接口组提供的三方数据如日常生活能力评定、重症信息等；否：不调用】；默认否","98360","1","medical_refer_config","EnumerationSelect","991827","0","2024-04-22 20:16:58","2026-02-04 09:09:10","1","366672780525256705","",""
"422383427821536980","MEDICAL012","[出院诊断] 主要诊断以‘S’或‘T’开头的损伤代码开头时，必须填写损伤、中毒的外部因素以及编码","true","[出院诊断] 主要诊断以‘S’或‘T’开头的损伤代码开头时，必须填写损伤、中毒的外部因素以及编码","98360","","medical_rule","boolean","991827","0","2024-04-22 20:16:58","2024-04-22 20:16:58","10","10","",""
"422383427821536981","MEDICAL013","[出院诊断]主要诊断为C00-D48之间的，必须填写病理诊断及编码","true","[出院诊断]主要诊断为C00-D48之间的，必须填写病理诊断及编码","98360","","medical_rule","boolean","991827","0","2024-04-22 20:16:58","2024-04-22 20:16:58","10","10","",""
"421383422921557239","MEDICAL014","操作记录的手术信息不同步到首页的字段","0000","选择的字段不同步到首页上","98360","","medical_refer_config","EnumerationMultiSelect","991827","0","2024-04-22 20:16:58","2026-02-04 09:09:10","57393746696202243","366672780525256705","",""
"421383422921557240","MEDICAL015","病案首页中哪些签名元素使用CA签名","0000","配置的签名元素调用CA签名；参数默认值空，下拉选项：科主任签名、主任（副主任）签名、主治医师签名、住院医师签名、责任医师签名、责任护士签名、进修医师签名、实习医生签名、编码员签名、质控医师签名、质控护士签名","98360","","medical","EnumerationMultiSelect","991827","0","2024-04-22 20:16:58","2024-04-22 20:16:58","57393746696202243","57393746696202243","",""
"421333422921557241","MEDICAL016","呼吸机使用时间对应收费项目配置","","呼吸机使用时间对应收费项目配置","98360","0","medical_refer_config","EnumerationMultiSelect_FEE_ITEM","991827","0","2024-04-22 20:16:58","2026-02-04 09:09:10","1","57393572750026754","",""
"421383437821546980","MEDICAL017","【病案首页是否对接单病种上报】","true","【病案首页是否对接单病种上报】，选项{是，否}  默认：否","98360","","medical","boolean","991827","0","2024-04-22 20:16:58","2025-08-25 16:14:41","1","366672780525256705","",""
"421383437821546981","MEDICAL018","手术控件填写模式","1","可设置表格形式或字段形式填写，默认为表格形式 PARAMSELECTIONS[1:TABLE,2:WORD]","98360","","medical","EnumerationSelect","991827","0","2024-07-21 12:11:34","2026-03-27 13:01:14","10007","365887153697406977","",""
"421383437821546982","MEDICAL019","病案首页诊断/手术表格行填充模式","1","行自增长为在原有表格行基础上增长行数；附页填充为填充在单独的附页表格，默认为附页填充 PARAMSELECTIONS[1:行自增长,2:附页填充]","98360","","medical","EnumerationSelect","991827","0","2024-07-21 12:10:49","2025-02-10 22:24:54","10007","255480612717443072","",""
"421383437821546983","MEDICAL020","首页手术信息获取来源配置","5,2","配置病案首页手术信息的获取来源，支持从获取外部数据或病历文书中获取","98360","","medical_refer_config","EnumerationMultiSelect","991827","0","2025-02-10 22:26:16","2026-02-04 09:09:10","255480612717443072","365887153697406977","",""
"421383437821556981","MEDICAL021","首页获取重症监护信息接口地址","0000","病案首页获取卫宁重症监护信息接口地址配置","98360","","medical_refer_config","text","991827","0","2025-02-10 22:23:15","2026-02-04 09:09:10","255480612717443072","255480612717443072","",""
"422383437821556992","MEDICAL023","病案首页对接三方病案质控为【适配引擎+客户端】时，质控助手按钮调用地址配置","适配引擎","病案首页对接三方病案质控为【适配引擎+客户端】时，质控助手按钮调用地址配置，根据现场实际来配置","98360","","medical","text","991827","0","2025-02-10 22:22:37","2025-07-24 20:20:26","","366672780525256705","",""
"528383422326546978","MEDICAL024","病案首页不需要自动获取的数据元设置","399336326||X线号码,399336324||CT号码","设置病案首页那些数据元不需要自动获取数据，由医生手工填写的数据元集合","98360","","medical_refer_config","EnumerationMultiSelect","991827","0","2025-02-10 20:59:35","2026-02-04 09:09:10","10007","366672780525256705"," ",""
"521383437821546983","MEDICAL025","病案首页同步数据时，显示同步接口返回为空的数据","false","点击首页同步弹框后，若接口查询获取的数据源返回为空值，是否展示在弹框界面，为true时显示，为false时不显示 PARAMSELECTIONS[true:是,false:否]","98360","","medical","EnumerationSelect","991827","0","2025-02-10 20:59:35","2026-04-14 14:03:39","10007","10007"," ",""
"521383437821556901","MEDICAL026","按手术类别控制是否生成手术附页","957347,957348,957349,957350","支持多选，默认全部设置，设置后根据手术的手术类别分别生成手术附页 PARAMSELECTIONS[957347:介入治疗,957348:手术,957349:诊断性操作,957350:治疗性操作]","98360","","medical","EnumerationMultiSelect","991827","0","2025-09-03 20:42:53","2025-09-03 20:42:53","255481783078281216","255481783078281216"," ",""
"521383437821556904","MEDICAL026_1","病案首页手术为联合手术，是否生成至附页","true","当设置为是时，联合手术生成附页信息，当设置为否时，联合手术不生成附页信息（在参数MEDICAL026 ‘’按手术类别控制是否生成手术附页‘’的基础上进行二次筛查）","98360","","medical","boolean","991827","0","2025-02-10 23:17:51","2025-04-21 09:59:58","255481783078281216","255481783078281216"," ",""
"521383437821556902","MEDICAL027","病案首页提交时，提醒患者信息变更提示","false","病案首页提交时，判断患者基本信息是否变更，若无变更，直接提交成功；若变更，则弹框提示","98360","","medical","boolean","991827","0","2025-09-30 18:38:23","2025-10-20 16:16:24","255481783078281216","255481783078281216"," ",""
"521383437821556903","MEDICAL028","病案首页手术信息引用治疗医嘱，是否去重显示","false","当设置为是，同一治疗只引用一次；当设置为否，引用全部治疗信息","98360","","medical_refer_config","boolean","991827","0","2025-08-14 12:58:21","2026-02-04 09:09:10","255481783078281216","255481783078281216"," ",""
"522383437821346984","MEDICAL029","病案首页是否启用费用合计计算","1","病案首页获取费用时，上级是否合并下级进行计算 PARAMSELECTIONS[1:是,2:否]","98360","","medical","EnumerationSelect","991827","0","2025-02-10 20:56:44","2025-02-10 20:56:44","10","10"," ",""
"522383437821346985","MEDICAL030","病案首页是否启用诊断/手术医保结算数据调整","true","为是时，首页启用诊断/手术医保结算数据调整界面，支持调整排序及上报状态；为否时，按照填写排序并全部标记为上传","98360","","medical","boolean","991827","0","2025-04-15 14:12:51","2025-12-18 14:37:29","255481783078281216","365887153697406977"," ",""
"224383422922948257","MEDICAL033","三方数据查询接口地址","0000","该地址可配置护理文书生活评估、三方病理报告、三方高值耗材数据查询地址","98360","","medical_refer_config","text","991827","0","2025-08-14 12:58:21","2026-02-04 09:09:10","20250327","20250327","",""
"224383422922948258","MEDICAL034","护理入出生活评估分获取","3","配置护理入出评估分获取方式 PARAMSELECTIONS[1:无,2:三方接口(参数编码:MEDICAL033),3:60护理]","98360","","medical_refer_config","EnumerationSelect","991827","0","2025-08-14 12:58:21","2026-02-04 09:09:10","20250327","20250327","",""
"224383422922948259","MEDICAL035","病理报告数据获取","1","病理报告数据获取 PARAMSELECTIONS[1:无,2:三方接口(参数编码:MEDICAL033),3:业务中台]","98360","","medical_refer_config","EnumerationSelect","991827","0","2025-08-14 12:58:21","2026-02-04 09:09:10","20250327","20250327","",""
"6523100919992009976","MEDICAL037","病案首页打印，校验首页是否审核通过的对接方式","2","控制病案首页打印时，需病案系统审核通过后才能打印 PARAMSELECTIONS[0000:无,2:60病案系统]","98360","","medical","EnumerationSelect","991827","0","2025-04-14 18:50:06","2025-07-24 16:26:26","20250410","366672780525256705","",""
"422383422922548257","MEDICAL039","病案首页是否校验切口等级","0","参数开启后需要查询手术编码术语中或则临床服务中的手术切口等级 PARAMSELECTIONS[0:不校验,1:术语（切口等级）]","98360","","medical","EnumerationSelect","991827","0","2025-10-22 10:19:24","2025-12-12 23:43:59","20250417","20250417","",""
"432383422922548258","MEDICAL040","出院诊断诊断名称取值方式","1","出院诊断诊断名称取值方式 PARAMSELECTIONS[1:诊断描述,2:诊断说明>诊断描述,3:标准诊断名称]","98360","","medical","EnumerationSelect","991827","0","2025-08-14 12:58:21","2026-03-05 09:42:51","20250425","20250425","",""
"432483422922548259","MEDICAL041","ESB集成平台（标准网关）","0000","集成平台提供标准网关接口，,调用地址格式：HSI及临床调用：http://ip:port/winninghiip，非临床调用http://ip:port/winningplatform，查询服务:http://ip:port/winninghiipQuery","98360","","medical_refer_config","text","991827","0","2025-08-14 12:58:21","2026-02-04 09:09:10","","20250519","",""
"433483422922548260","MEDICAL042","病案首页检验结果获取来源设置","1","设置病案首页数据元HBsAg（399323779），HCV-Ab（399324102），HIV-Ab（399324061）自动取值来源 PARAMSELECTIONS[0000:无,1:业务中台,3:三方接口]","98360","","medical_refer_config","EnumerationSelect","991827","0","2025-08-14 12:58:21","2026-02-04 09:09:10","20250603","20250603","",""
"6722100919992029982","MEDICAL052","病案系统质控打回首页时，是否自动撤销提交首页","1","病案系统质控打回首页时，是否自动撤销提交首页  PARAMSELECTIONS[1:是,2:否]","98360","","medical","EnumerationSelect","991827","0","2025-09-25 17:17:34","2025-10-29 17:09:54","1241976","366672780525256705","",""
"6722100919992029987","MEDICAL056","是否启用编码员与质控日期回写","1","是否启用编码员与质控日期回写  PARAMSELECTIONS[1:是,2:否]","98360","","medical","EnumerationSelect","991827","0","2025-09-30 19:15:58","2025-10-20 16:15:30","1265430","366672780525256705","",""
"6732100919992029997","MEDICAL059","年龄（ID：391004208 ）大于多少天时，新生儿出生体重（g）不填充","26","年龄（ID：391004208 ）大于设置的天数时，新生儿出生体重（g）（ID：399300727）、新生儿入院体重(ID ：399337069)不填充，不带出值","98360","","medical","EnumerationSelect","991827","0","2025-11-21 14:31:21","2026-02-06 12:01:43","1167219","365887153697406977","",""
"6733100919992030005","MEDICAL063","病案首页是否触发诊断上报","1","病案首页是否触发诊断上报  PARAMSELECTIONS[1:是,2:否]","98360","","medical","EnumerationSelect","991827","0","2026-03-04 11:54:15","2026-03-04 13:30:52","1326563","365887153697406977","",""
"7732100919992029998","MEDICAL064","患者信息组件修改后病案首页同步数据时，是否只同步修改的字段","false","开启是时，患者信息组件修改后，病案首页按修改的字段精准更新；设置否时，病案首页全量更新患者信息 PARAMSELECTIONS[true:是,false:否]","98360","","medical","EnumerationSelect","991827","0","2026-04-14 14:03:39","2026-04-14 14:03:39","1470394","1470394"," ",""
"7733100919992024956","MEDICAL066","手术表格手术科室取值方式","0000","设置手术表格手术科室的取值方式[0000:无,1:患者当前科室,2:术者隶属科室]","98360","","medical_refer_config","EnumerationSelect","991827","0","2026-04-27 13:53:41","2026-04-27 13:53:41","1570939","1570939","",""
"323375122336518731","MEDICAL_CARBON_COPY_RECIPIENTS","医务科待审核调度的节点需要给医务科抄送的人员","点击选择抄送的人员","医务科待审核调度的节点需要给医务科抄送的人员","98360","8888","inpatient_consult_base_new","text","991827","0","2025-02-10 23:17:29","2025-04-21 14:53:20","57393746696202243","313065543504650240","consult_short_message_",""
"5722100919992009977","MEDICAL_DISCHARGED_DATE_MODE","病案首页出院时间取值方式","1","设置病案首页出院日期时间（399336424）取值方式  设置值：出区时间、出院医嘱时间、出院医嘱执行时间；默认为出区时间  PARAMSELECTIONS[1:出区时间,2:出院医嘱时间,3:出院医嘱执行时间]","98360","","medical_refer_config","EnumerationSelect","991827","0","2025-08-14 12:58:21","2026-02-04 09:09:10","57393746696202243","57393746696202243","",""
"5722100919992009973","MEDICAL_ESB_REPORT_MODE","病案首页与三方病案系统对接方式","0000","病案首页与三方病案系统对接方式，选项值{无,ESB,适配引擎+WEB网页,适配引擎+客户端}，单选，默认为无  PARAMSELECTIONS[0000:无,3:ESB,4:适配引擎+WEB网页,5:适配引擎+客户端]","98360","","medical_connect_other","EnumerationSelect","991827","0","2025-02-10 22:22:49","2026-04-04 07:46:47","57393746696202243","364799305053323264","",""
"489134229192332143","MEDICAL_INSURANCE_CONTROL_TYPE_CODE","是否启用医保接口控制","2","控制首页医保信息编辑权限，是：依据医保上报状态控制编辑权限（上报后允许编辑），否：不依据医保上报限制编辑权限 PARAMSELECTIONS[1:是,2:否]","98360","","medical","EnumerationSelect","991827","0","2025-04-21 13:58:38","2025-07-12 17:01:59","57393746696202243","57393746696202243","",""
"5722100919992009975","MEDICAL_QC_DATE_MODE","病案首页质控日期取值方式","1","设置病案首页质控日期（概念ID：399301561）取值方式  设置值：无、出院时间、首页首次提交时间、首页末次提交时间；默认为无  PARAMSELECTIONS[0000:无,1:出院时间,2:首页首次提交时间,3:首页末次提交时间]","98360","","medical_refer_config","EnumerationSelect","991827","0","2025-08-14 12:58:21","2026-02-04 09:09:10","57393746696202243","366672780525256705","",""
"233283456546351231","MEDICAL_RECORD_COPY_WARN","病历复制超出字数的警示级别","tips","病历复制超出配置字数之后的警示级别","98360","1","configure_editors_copy_rule","EnumerationSelect","991827","0","2024-04-22 20:16:58","2024-04-22 20:16:58","57393746696202243","57393746696202243","",""
"2133834229265469441","MEDICAL_STAFF_TITLE_MAPPING","院总职称映射","399470998","院总职称映射","98360","","employee_mapping","EnumerationSelect","991827","0","2024-07-21 12:11:28","2026-01-20 21:54:20","","357546730935500801","",""
"421383422922548256","MEDICAL_SYNC_TYPE","是否启用联合手术数据同步","0","是否启用联合手术数据同步 PARAMSELECTIONS[1:是,0:否]","98360","","medical","EnumerationSelect","991827","0","2025-02-10 23:17:22","2025-04-21 09:57:25","10007","10007","",""
"6722100919992009983","MEDICAL_TRANSFER_DEPT_DISPLAY_STYLE","病案首页转科科室显示方式","1","设置转科科室的显示方式，默认入出科室显示为：转科A→B→C，显示A→B→C；不显示入院科室，转科A→B→C，显示B→C；不显示出院科室，转科A→B→C，显示A→B；入出院科室都不显示，如转科A→B→C，显示B。  PARAMSELECTIONS[1:入出科室显示,2:不显示入院科室,3:不显示出院科室,4:入出科室都不显示]","98360","","medical","EnumerationSelect","991827","0","2025-10-11 15:46:23","2026-01-20 21:56:30","1106726","366672780525256705","",""
"233283456546350011","MEDICINE_ORDER_RATIO","草药医嘱引入病历占比配置","4","设置草药医嘱插入病历均分等分数","98360","","common","EnumerationSelect","991827","0","2024-04-22 20:16:58","2024-04-22 20:16:58","57393746696202243","57393746696202243","",""
"5722100919992009957","MEDTECH_REPORT_LIS","检验报告的报告名称取值类型","csName","csName:临床服务名称,medtechRptName:医技报告名称,medtechRptTypeName:医技报告类别名称，默认csName:临床服务名称 PARAMSELECTIONS[csName:临床服务名称,medtechRptName:医技报告名称,medtechRptTypeName:医技报告类别名称]","98360","","medtech_report_config","EnumerationMultiSelect","991827","0","2024-04-22 20:16:58","2024-04-22 20:16:58","57393667239307269","57393667239307269","",""
"5722100909992009938","MEDTECH_REPORT_MARK_STATUS","查看医技报告后是否更改报告状态","false","查看状态为""已发布""的报告详情后，将报告状态改为""已阅""，选项值{是，否}，默认为否","98360","","common","boolean","991827","0","2024-04-22 20:16:58","2024-04-22 20:16:58","57393746696202243","255481783078281216","",""
"5722100919992009959","MEDTECH_REPORT_MIS","微生物报告的报告名称取值类型","csName","csName:临床服务名称,medtechRptName:医技报告名称,medtechRptTypeName:医技报告类别名称，默认csName:临床服务名称 PARAMSELECTIONS[csName:临床服务名称,medtechRptName:医技报告名称,medtechRptTypeName:医技报告类别名称]","98360","","medtech_report_config","EnumerationMultiSelect","991827","0","2024-04-22 20:16:58","2024-04-22 20:16:58","57393667239307269","57393667239307269","",""
"432383422926591269","MEDTECH_REPORT_OUTER_MODE","辅助录入外院报告调用方式","0","说明：无：不开启外院报告；混合框架：混合框架事件对接；业务中台：业务中台接口对接，默认：无 PARAMSELECTIONS[0:无,1:混合框架,2:业务中台]","98360","","common","EnumerationSelect","991827","0","2025-07-12 17:02:03","2025-07-12 17:02:03","57393746696202243","255480612717443072","",""
"5722100919992009955","MEDTECH_REPORT_RIS","检查报告的报告名称取值类型","csName","csName:临床服务名称,medtechRptName:医技报告名称,medtechRptTypeName:医技报告类别名称,examItemName:检查项目名称，默认csName:临床服务名称 PARAMSELECTIONS[csName:临床服务名称,medtechRptName:医技报告名称,medtechRptTypeName:医技报告类别名称,examItemName:检查项目名称]","98360","","medtech_report_config","EnumerationMultiSelect","991827","0","2024-04-22 20:16:58","2025-02-10 22:22:20","57393667239307269","57393667239307269","",""
"233283456546350010","MEDTECH_TYPE","医技数据类型配置","399576339","可配置为按照临床服务类型或医技报告类型查询报告数据，默认临床服务","98360","","medtech","EnumerationSelect","991827","0","2024-04-22 20:16:58","2024-04-22 20:16:58","57393746696202243","57393746696202243","",""
"121383422926552023","MULTIDISCIPLINARY_UNION_DATA_SET","多学科联合会诊","0","多学科联合会诊绑定的会诊申请模板","98360","1","inpatient_consult_template","enumeration","991827","0","2024-04-22 20:16:58","2024-04-22 20:16:58","0","57393570602543106","",""
"5722100919992009961","NEWBORN_SOURCE","婴儿病历同步新生儿信息的来源：值：{1：60产房系统，2：60护理）；默认60护理","2","婴儿病历同步新生儿信息的来源 PARAMSELECTIONS[1:60产房系统,2:60护理]","98360","","basic_setting","EnumerationSelect","991827","0","2024-04-22 20:16:58","2024-04-22 20:16:58","57393746696202243","57393746696202243","",""
"5722100909992009940","NOT_RECORD_INCOMPLETE_TASK_DEPT_ID","不需要生成待书写任务的临床科室","0000","不需要生成待书写任务的临床科室","98360","","inp_emr_time","EnumerationMultiSelect","991827","0","2024-07-21 12:11:36","2025-02-10 22:25:58","57393746696202243","255480612717443072","",""
"5723092716992009969","NURSE_CAN_EDIT_MONITOR","支持护士、麻醉师可以编辑的病历监控类型","0000","支持护士、麻醉师可以编辑的病历监控类型","98360","","permission_config","EnumerationMultiSelect_MONITORING","991827","0","2024-05-28 09:10:21","2025-02-10 22:26:53","","255480612717443072","",""
"221383412926552121","NUTRITION_DATA_SET","营养会诊","0","营养会诊绑定的会诊申请模板","98360","1","inpatient_consult_template","enumeration","991827","0","2024-04-22 20:16:58","2024-04-22 20:16:58","0","57393570602543106","",""
"2133834229265469921","OPEN_EXPERTISE_CODE_MAPPING","是否开启职称映射","true","是否开启职称映射","98360","","employee_mapping","boolean","991827","0","2024-07-11 15:28:35","2026-01-20 21:54:00","","366672780525256705","",""
"222383422926547286","OPERATION_NOTE_REVIEW_PARAM","手术记录的审签模式","1","手术记录支持两种签名模式，模式一：按照审签流程配置。模式二：手术记录上只有术者签名；默认为模式一","98360","1","emr_review","EnumerationSelect","991827","0","2024-04-22 20:16:58","2024-04-22 20:16:58","57393746696202243","57393746696202243","",""
"432383422926591254","ORDER_EXEC_FLAG","医嘱执行确认事件(399202398)触发后，是否匹配到医嘱待书写任务并根据执行时间更新超时时间","true","是否通过护士站医嘱执行确认事件(399202398)更新病历超时时间","98360","","inp_emr_time","boolean","991827","0","2024-04-22 20:16:58","2025-02-13 12:43:24","57393746696202243","366672780525256705","",""
"432383422926591255","ORDER_EXEC_MONITORS","配置哪些医嘱待书写病历的超时时间需要更新为【实际执行时间+质控时限】","125044678493294618","需要根据医嘱执行确认事件更新超时时间的病历监控类型","98360","","inp_emr_time","EnumerationMultiSelect_MONITORING","991827","0","2024-04-22 20:16:58","2025-02-13 12:42:58","57393746696202243","366672780525256705","",""
"432383422926591275","OUTER_MEDTECH_REPORT_QUERY_MODE","外院报告业务中台模式下报告数据查询范围","1","说明：外院报告业务中台模式下报告数据查询范围  值：{存在互认记录，全部}；默认存在互认记录 PARAMSELECTIONS[0:全部,1:存在互认记录]","98360","","assistance_config","EnumerationSelect","991827","0","2025-09-03 21:15:03","2026-03-04 08:01:24","57393746696202243","57393746696202243","",""
"121383422926552022","OUT_OF_HOSPITAL_DATA_SET","院外会诊","0","院外会诊绑定的会诊申请模板","98360","1","inpatient_consult_template","enumeration","991827","0","2024-04-22 20:16:58","2024-04-22 20:16:58","0","57393570602543106","",""
"5722100909992009941","PDF_GENERATE_PATTERN","PDF后端生成模式，值：{HTTP，RPC}；默认HTTP","1","RPC：通过RPC微服务方式；HTTP：通过HTTP接口调用pdf转换服务 PARAMSELECTIONS[1:RPC,2:HTTP]","98360","","common","EnumerationSelect","991827","0","2024-04-22 20:16:58","2025-10-01 11:30:53","57393746696202243","365887153697406977","",""
"6722100919992009973","PDF_SIGN_POSITION","PDF生成时是否生成患者电签元素的坐标值","0","PDF生成时是否生成患者电签元素的坐标值；默认否不生成，设置是时PDF生成时对应返回患者电签元素坐标值并进行存储，  PARAMSELECTIONS[0:否,1:是]","98360","","signature_param","EnumerationSelect","991827","0","2025-02-10 23:17:39","2025-04-21 10:20:31","10007","10007"," ",""
"7733100919992024955","RADIOTHERAPY_RECORD_INTERFACE","辅助录入-放疗记录","{""typeValue"":""fastOpen"",""value"":""1"",""paramValue"":""2""}","辅助录入放疗记录中调接口获取数据","98360","","interface_setting","text","991827","0","2026-04-24 09:40:38","2026-04-24 10:24:09","1545018","365887153697406977","",""
"233283456546352001","RE001","允许修改召回申请的审核节点","","配置了允许修改召回审签的审核节点，操作人可以修改申请单的召回原因。","98360","","recall","EnumerationMultiSelect","991827","0","2024-04-22 20:16:58","2024-04-22 20:16:58","57393746696202243","57393746696202243","",""
"431385722924443301","RE002","是否开启“病理延迟”修改流程","false","开启“是”时，归档查询菜单/操作添加“病理延迟”按钮","98360","","recall","boolean","991827","0","2024-04-22 20:16:58","2024-04-22 20:16:58","57393746696202243","57393746696202243","",""
"431385722924443302","RE003","病理延迟申请时可修改文书的范围","0000","1、获取文书监控类型列表，支持检索并多选   2、默认为空","98360","","recall","EnumerationMultiSelect_MONITORING","991827","0","2024-04-22 20:16:58","2024-04-22 20:16:58","57393746696202243","57393746696202243","",""
"431385722924443303","RE004","召回后到再次自动归档时间区间，发生手动归档，是否可进行撤销归档","false","是或否，默认否。","98360","","recall","boolean","991827","0","2024-04-22 20:16:58","2024-04-22 20:16:58","57393746696202243","57393746696202243","",""
"431385722924443304","RE005","开启快速召回模式设置","399623249","无/召回打印/召回申请，默认无","98360","","recall","EnumerationMultiSelect","991827","0","2024-04-22 20:16:58","2025-04-16 13:39:03","57393746696202243","366672780525256705","",""
"431385722924443305","RE006","召回后到再次自动归档时间区间，发生归档，可进行撤销归档的召回原因","0000","指定的召回原因类型可以进行撤销归档操作 PARAMSELECTIONS[0000:无,399623249:召回打印,399643271:召回申请,399643270:病理延迟]","98360","","recall","EnumerationMultiSelect","991827","0","2024-04-22 20:16:58","2024-04-22 20:16:58","57393746696202243","57393746696202243","",""
"431385722924443306","RE007","允许同步患者基本信息、签名操作的召回原因类型","0000","解决只因未签名、修改基本信息召回被质控，配置类型可签名和同步患者基本信息操作，反之不可操作 PARAMSELECTIONS[0000:无,399623249:召回打印,399643270:病理延迟]","98360","","recall","EnumerationMultiSelect","991827","0","2024-04-22 20:16:58","2024-04-22 20:16:58","57393746696202243","57393746696202243","",""
"431385722924443307","RE008","申请召回时不需要审核的医生职级","0000","申请召回时不需要审核的医生职级 PARAMSELECTIONS[0000:无,399470998:主任医师,399470999:副主任医师,399471000:主治医师,399471001:医师]","98360","","recall","EnumerationMultiSelect","991827","0","2024-04-22 20:16:58","2024-04-22 20:16:58","57393746696202243","57393746696202243","",""
"232909992009927123","READ_HOSPITAL_RECORDS_DEPT","指定科室查看全院病历","0000","指定的科室的医生可直接获得查看全院病历权限","98360","1","common","EnumerationMultiSelect","991827","0","2024-04-22 20:16:58","2024-04-22 20:16:58","57393746696202243","57393746696202243","",""
"5722100919992009963","RECORD_TIME_MONITORS","病历记录时间需要在指定范围内的监控类型","[]","说明：病历记录时间需要在指定范围内的监控类型","98360","","common","text","991827","0","2024-04-22 20:16:58","2024-04-22 20:16:58","57393746696202243","255480612717443072","57393746696202243",""
"222230090999211993","REPEAL_SUBMIT_TEMPLATE_SET","支持任意人都可以编辑提交的文书类型","0000","支持任意人都可以编辑提交的文书类型","98360","1","permission_config","EnumerationMultiSelect_MONITORING","991827","0","2024-04-22 20:16:58","2024-04-22 20:16:58","57393746696202243","57393746696202243","",""
"210090999211261995","SELF_EVALUATION","自评整改单","399573892"," 1、点击整改，修改后不走审签流程。2、点击撤销提交（或召回），修改后走审签流程，审签通过可进行审核","98360","0","emr_qc_base","enumeration","991827","0","2024-04-22 20:16:58","2024-04-22 20:16:58","57393746696202243","57393746696202243","",""
"4333751223365482131","SENDING_SMS_ADDRESS","ESB接口地址","http://172.17.1.94:26001/winningMessage","短信发送地址","98360","8888","inpatient_consult_base_new","text","991827","0","2024-04-22 20:16:58","2025-08-05 17:15:36","57393746696202243","365887153697406977","consult_short_message_address",""
"4333751223365483131","SENDING_SMS_APP_ID","短信发送APPID","S001","短信发送APPID","98360","8888","common","text","991827","0","2024-04-22 20:16:58","2024-04-22 20:16:58","57393746696202243","57393746696202243","SENDING_SMS_APP_ID",""
"5723092716992030071","SEND_VTE_MESSAGE_TO_NURSE","是否开启VTE消息推送","true","提交VTE评估量表时，是否将中高危患者信息推送给护士站","98360","","vte_base","boolean","991827","0","2024-07-21 11:59:23","2025-07-17 08:32:38","57393746696202243","367361575167934464","",""
"432383422926547219","SHOW_INCOMPLETE_IGNORE","待书写文书任务是否显示忽略按钮","true","值：{不显示(否)，显示(是)}；默认是","98360","","inp_emr_time","boolean","991827","0","2024-04-22 20:16:58","2024-04-22 20:16:58","57393746696202243","57393746696202243","",""
"432383422926547213","SIGNATURE_POPOVER","提交病历时是否弹出签名提示框","true","提交病历时是否弹出签名提示框","98360","","emr_review","boolean","991827","0","2024-04-22 20:16:58","2024-04-22 20:16:58","57393746696202243","57393746696202243","",""
"333283456546350926","SINGLE_SIDED_PRINTING_MONITORING","固定单面打印的病历监控类型","0000","不跟随页面选择，固定打印模式为单面打印的病历监控类型","98360","1","emr_print_parameter","EnumerationMultiSelect","991827","0","2024-04-22 20:16:58","2025-10-11 16:45:23","57393746696202243","365886878819500032","",""
"432383422926591261","SMART_NOTE_CONFIG_URL","智能便签对接配置地址","无","说明：智能便签对接配置地址，默认无","98360","","common","text","991827","0","2024-05-09 09:47:22","2024-07-11 15:29:46","57393746696202243","255481783078281216","",""
"121383422926547005","SOUND001","新增启用语音应用参数的配置","true","新增启用语音应用参数的配置。   是/否 。   默认为否","98360","","sound","boolean","991827","0","2024-04-22 20:16:58","2024-04-22 20:16:58","","57393746696202243","",""
"432383422926547214","SUPPORT_DISEASE_MONITORS","支持调用特殊病种信息的监控类型","0000","配置支持调用特殊病种信息的监控类型","98360","","common","EnumerationMultiSelect","991827","0","2024-04-22 20:16:58","2024-04-22 20:16:58","57393746696202243","57393746696202243","",""
"431385723924436510","SURGERY101","创建手术病历是否默认选中最新手术","true","创建术前术后病历时是否默认选中最新手术","98360","","surgery","boolean","991827","0","2024-04-22 20:16:58","2024-04-22 20:16:58","57393746696202243","57393746696202243","",""
"431385723934436510","SURGERY102","配置手麻系统字段映射病历数据元的格式","5X","配置手麻系统字段映射病历数据元的格式","98360","","surgery","EnumerationSelect","991827","0","2024-04-22 20:16:58","2024-04-22 20:16:58","10007","10007","",""
"431385723934436511","SURGERY103","手术医嘱是否调用新的临床手术安排接口","false","手术医嘱是否调用新的临床手术安排接口  值：{是，否}；默认否","98360","","surgery","boolean","991827","0","2024-04-22 20:16:58","2025-04-21 14:49:18","10007","57393746696202243","255481783078281216",""
"431385723934436522","SURGERY104","创建术前术后文书是否校验手术医嘱必选","true","创建术前术后文书是否校验手术医嘱必选，值：{是，否}；默认是","98360","","surgery","boolean","991827","0","2024-07-21 12:11:22","2025-02-10 22:44:36","10007","255480612717443072","255481783078281216",""
"489134229192332137","SURGERY_CLOSED_LOOP_MONITOR","对接业务中台手术闭环的相关手术文书","125044678493294632,125044678493294682,125044678493294640","对接业务中台手术闭环的相关手术文书，支持复选，默认为空","98360","","surgery","EnumerationMultiSelect_MONITORING","991827","0","2025-02-17 14:17:39","2025-04-21 09:58:49","255480612717443072","414311922117328896","",""
"489134229192332139","SURGERY_CLOSED_LOOP_URL","闭环系统调用地址","http://172.17.1.94:26001/winninghiip","闭环系统调用地址，根据现场实际来配置","98360","","medical","text","991827","0","2025-07-12 16:17:30","2025-07-25 16:34:29","","414311922117328896","",""
"489134229192332141","SURGERY_EMPLOYEE_TYPE_CONFIG","手术信息弹窗中术者、一/二助/三助、麻醉医生的员工类型","[{""id"":""surgeon"",""name"":""术者"",""value"":""253535,253531,253530,253536"",""valueText"":""护士,专家医生,普通医生,麻醉医师"",""isCheckCertificateCode"":false},{""id"":""firstAssistant"",""name"":""一助"",""value"":""253531"",""valueText"":""专家医生"",""isCheckCertificateCode"":false},{""id"":""secondAssistant"",""name"":""二助"",""value"":""253530,253535"",""valueText"":""普通医生,护士"",""isCheckCertificateCode"":false},{""id"":""thirdAssistant"",""name"":""三助"",""value"":""253530"",""valueText"":""普通医生"",""isCheckCertificateCode"":false},{""id"":""anesthetist"",""name"":""麻醉医生"",""value"":""253530"",""valueText"":""普通医生"",""isCheckCertificateCode"":false}]","手术信息弹窗中术者、一/二/三助、麻醉医生的员工类型 MULTIPRESETITEMS[surgeon:术者,firstAssistant:一助,secondAssistant:二助,thirdAssistant:三助,anesthetist:麻醉医生]","98360","","surgery","text","991827","0","2025-09-17 15:24:22","2026-03-19 16:25:46","57393746696202243","365887153697406977","",""
"531945724925492762","THIRD_PARTY_COMPLETE","历史患者待书写提醒","false","历史患者待书写提醒，选项值{是，否}，默认为""否""","98360","","5xHistory","boolean","991827","0","2024-04-22 20:16:58","2024-04-22 20:16:58","255480612717443072","255480612717443072","",""
"4333751223365473133","THIRD_PARTY_IMPORT_FLAG","是否开启第三方系统导入历史病历数据","false","是否开启第三方系统导入历史病历数据，值：｛是，否｝，默认否","98360","","common","boolean","991827","0","2024-04-22 20:16:58","2024-04-22 20:16:58","57393746696202243","57393746696202243","",""
"432383422926547551","TIMED_TASK_DEL_MONITORS_24","24小时入出院患者无需质控的病历监控类型","0000","出区时间-入区时间≤24h的患者出区时，删除配置的监控类型的待书写任务","98360","","inp_emr_time","EnumerationMultiSelect_MONITORING","991827","0","2024-04-22 20:16:58","2024-04-22 20:16:58","57393746696202243","57393746696202243","",""
"432383422926547216","TIMED_TASK_FLAG","手术结束事件(399630436)触发后，是否匹配到手术待书写任务并根据手术结束时间更新超时时间","false","是否通过医生站手术结束事件(399630436)更新病历超时时间","98360","","inp_emr_time","boolean","991827","0","2024-04-22 20:16:58","2024-04-22 20:16:58","57393746696202243","57393746696202243","",""
"432383422926547215","TIMED_TASK_MONITORS","配置哪些手术待书写病历的超时时间需要更新为【手术结束时间SURGERY_END_AT+质控时限】","125044678493294604","需要根据手术结束事件更新超时时间的病历监控类型","98360","","inp_emr_time","EnumerationMultiSelect","991827","0","2024-04-22 20:16:58","2025-02-13 12:44:21","57393746696202243","366672780525256705","",""
"5722100909992009937","TIMED_TASK_MONITORS_SURGERY_START_AT","配置哪些手术待书写病历的超时时间需要更新为【手术开始时间SURGERY_START_AT】","125044678493294608","需要根据手术开始时间更新超时时间的病历监控类型","98360","","inp_emr_time","EnumerationMultiSelect_MONITORING","991827","0","2024-04-22 20:16:58","2024-04-22 20:16:58","57393746696202243","255481783078281216","",""
"516985728196713357","VTE001","是否启用与VTE系统对接模式","true","是：开启对接VTE系统，病历目录上显示【VTE评估量表】目录；否：不对接VTE系统，病历目录上VTE评估量表隐藏；默认否","98360","","vte_base","boolean","991827","0","2024-04-22 20:16:58","2026-01-15 12:48:21","57393746696202243","365887153697406977","",""
"516985728196713358","VTE002","请求VTE系统接口地址配置","http://172.16.0.90:8764/scale/api/v2/patient/scaleDetail","配置VTE系统请求的http地址","98360","","vte_base","text","991827","0","2024-04-22 20:16:58","2026-01-15 13:06:59","57393746696202243","365887153697406977","",""
"516985728196713359","VTE003","对接HIS系统版本","1","对接HIS系统版本；60时，按照encounterID查询患者，5X时，按照就诊流水号查询患者 PARAMSELECTIONS[1:60,2:5X]","98360","","vte_base","EnumerationSelect","991827","0","2024-04-22 20:16:58","2024-04-22 20:16:58","57393746696202243","57393746696202243","",""
"516985728196713360","VTE004","VTE（5x）病历卡控对接地址","0000","置5xVTE系统查询评估数据的 ip和端口，demo：http://10.8.16.200:16003","98360","","vte_base","text","991827","0","2025-02-10 22:35:13","2026-01-20 21:54:36","10","10","",""
"432383422926591267","VTE_LEVEL_CALC_TYPE","通知临床业务VTE量表风险等级的计算方式","1","通知临床业务VTE量表风险等级的计算方式，值：{项数，分数}；默认项数 PARAMSELECTIONS[1:项数,2:分数]","98360","","vte_base","EnumerationSelect","991827","0","2024-05-28 09:10:14","2025-02-10 22:26:50","57393746696202243","57393746696202243","",""
"489134229192332147","VTE_THREE_PARTY_CONTROL_RULE","VTE（三方）二合一病历卡控规则","0000","创建病历时，查询三方VTE系统，如果存在未确认或未创建的VTE评分，不允许创建病历，并调用三方确认评分或创建评分的窗口，默认空","98360","","vte_base","text","991827","0","2025-07-12 16:25:39","2025-07-12 17:01:49","57393746696202243","57393746696202243","",""
"311383422926523419","accepted_consult_date_fill","会诊接收后，答复信息里会诊日期时间的填充节点","b","a:不填充,b:会诊接收/签到,c:编辑会诊意见","98360","8888","inpatient_consult_permissions_new","EnumerationSelect","991827","0","2025-10-20 09:57:49","2025-10-20 09:57:49","8888","313065543504650240","edit_consult_apply_edit_employee",""
"311383462922519527","add_consult_curse_when_complete_consult_type","会诊完成时需要自动生成会诊病程记录的会诊类型","399622373,399622370","值：默认抗菌药物会诊，可多选，下拉项为所有会诊类型","98360","8888","inpatient_consult_permissions_new","EnumerationMultiSelect","991827","0","2025-10-14 17:04:39","2025-10-27 13:32:23","8888","365887254629138433","reply_consult_",""
"121138342292251293","applicant_reply_model","申请科室协助答复模式","a","a:申请科室答复,b:申请科室和受邀科室共同答复","98360","8888","inpatient_consult_permissions_new","EnumerationSelect","991827","0","2025-12-24 18:11:51","2026-02-05 16:16:19","8888","365887153697406977","apply_tab_reply",""
"311383327126545631","apply_consult_applyer_fill","会诊邀请对象里申请科室的人员如果参与后续接收、签到、答复流程，会诊是否计费","false","会诊邀请对象里申请科室的人员如果参与后续接收、签到、答复流程，会诊是否计费","98360","8888","inpatient_consult_permissions_new","boolean","991827","0","2025-04-02 08:02:40","2025-04-02 08:02:40","8888","313065543504650240","apply_consult_",""
"211383422926543512","apply_consult_auditor_edit_Invitation","  是否支持审核人员修改受邀对象信息","false","是否支持审核人员修改受邀对象信息","98360","8888","inpatient_consult_permissions_new","boolean","991827","0","2024-04-22 20:16:58","2026-01-20 21:55:24","8888","365887254629138433","apply_consult_auditor_edit_Invitation",""
"412363326109384571","apply_consult_create_text_order","会诊申请时，是否生成文字医嘱","false","参数设置为false时，会诊申请单签署时不调医嘱生成接口，不生成文字医嘱","98360","8888","inpatient_consult_permissions_new","boolean","991827","0","2025-02-10 20:59:14","2026-01-22 10:13:23","8888","414883502807531520","apply_consult_",""
"211383422926541221","apply_consult_docimaster_apply_type","  检验师职务申请的会诊分类（支持复选）","399622369,399622370,399622371,399622372","检验师职务申请的会诊分类（支持复选）","98360","8888","inpatient_consult_permissions_new","EnumerationMultiSelect","991827","0","2024-04-22 20:16:58","2025-07-18 17:16:05","8888","365887153697406977","apply_consult_docimaster_apply_type",""
"211383422926541218","apply_consult_doctor_apply_type","  医生职务申请的会诊分类（支持复选）","0000","医生职务申请的会诊分类（支持复选）","98360","8888","inpatient_consult_permissions_new","EnumerationMultiSelect","991827","0","2024-04-22 20:16:58","2024-04-22 20:16:58","8888","57393746696202243","apply_consult_doctor_apply_type",""
"211383422926541217","apply_consult_employee_rule","  申请会诊的人员职称规则（支持复选）","399471000,399470998,399470999,399471014","申请会诊的人员职称规则（支持复选）","98360","8888","inpatient_consult_permissions_new","EnumerationMultiSelect","991827","0","2024-04-22 20:16:58","2025-09-08 11:46:22","8888","365886878819500032","apply_consult_employee_rule",""
"121138342292654234","apply_consult_filing_rules","申请科室提交会诊申请的人员规则","a","a:只有创建人可以提交会诊申请,b:创建人和创建人的上级人员可以提交会诊申请,c:诊疗组内的人员可以提交会诊申请,d:本科室内的人员可以提交会诊申请","98360","8888","inpatient_consult_permissions_new","EnumerationSelect","991827","0","2024-07-21 11:32:33","2025-02-10 22:51:01","8888","255480612717443072","apply_consult_",""
"311383326126545631","apply_consult_invitation_applyer","邀请对象有申请科室的人员（申请人除外）时，会诊支持后续接收、签到、答复流程","true","邀请对象有申请科室的人员（申请人除外）时，会诊支持后续接收、签到、答复流程","98360","8888","inpatient_consult_permissions_new","boolean","991827","0","2025-02-10 20:59:14","2025-04-02 08:02:40","8888","365887153697406977","apply_consult_",""
"311383427126545631","apply_consult_invited_dept_employee_rule","会诊申请邀请对象支持选择申请科室的人员规则","a,b","a:申请人,b:申请人之外的其他员工","98360","8888","inpatient_consult_common_self_defined","EnumerationMultiSelect","991827","0","2025-04-02 08:02:40","2025-04-02 08:02:40","8888","313065543504650240","apply_consult_",""
"211383422926541219","apply_consult_nurse_apply_type","  护士职务申请的会诊分类（支持复选）","399622371,399622370,399622372","护士职务申请的会诊分类（支持复选）","98360","8888","inpatient_consult_permissions_new","EnumerationMultiSelect","991827","0","2024-04-22 20:16:58","2024-06-04 16:38:44","8888","365887254629138433","apply_consult_nurse_apply_type",""
"211383422926541220","apply_consult_pharmacist_apply_type","  药师职务申请的会诊分类（支持复选）","0000","药师职务申请的会诊分类（支持复选）","98360","8888","inpatient_consult_permissions_new","EnumerationMultiSelect","991827","0","2024-04-22 20:16:58","2024-04-22 20:16:58","8888","57393746696202243","apply_consult_pharmacist_apply_type",""
"472210098234062372","apply_dept_reply_consult_rule","申请科室协助答复的人员规则","a","a:支持申请会诊的人员协助答复,b:支持申请会诊的人员及上级人员协助答复,c:支持申请会诊的人员及所在医疗组的人员协助答复,d:支持申请会诊的人员及所在科室的人员协助答复","98360","8888","inpatient_consult_permissions_new","EnumerationSelect","991827","0","2025-07-12 17:01:59","2025-07-12 17:01:59","8888","240131550565398528","reply_consult_",""
"211383422926541201","apply_tab","  会诊申请页签展示的分类（默认开启）","399622369,399622372,399622373,399622375,399622370,399622371,399670173,399825040","是否开启医务科室评价会诊（默认开启）","98360","8888","inpatient_consult_base_new","EnumerationMultiSelect","991827","0","2024-04-22 20:16:58","2026-04-28 16:47:20","8888","365887153697406977","apply_tab",""
"411383422926541221","apply_tab_add_physician_type","  允许添加医师的会诊类型","399622370,399622371,399622369,399622372,399622373,399626401,399661817,399631278,399626906,399669560","允许添加医师的会诊类型","98360","8888","inpatient_consult_base_new","EnumerationMultiSelect","991827","0","2024-04-22 20:16:58","2025-10-21 15:35:54","8888","364799305053323264","apply_tab_add_physician_type",""
"5722100919992009952","apply_tab_assembly_trigger_mode","邀请对象组件的触发方式","a","a:单击,b:双击","98360","8888","inpatient_consult_common_self_defined","EnumerationMultiSelect","991827","0","2024-04-22 20:16:58","2025-12-16 10:30:16","1","414883502807531520","apply_tab_assembly_trigger_mode",""
"221383422926598231","apply_tab_consult_record_expertise","允许添加人员职级的会诊类型（支持复选）","399622369,399622370,399622371,399622372,399626401,399631278,399661817,399670173,399669560,399626906,399622374,399622373","允许添加人员职级的会诊类型（支持复选）","98360","8888","inpatient_consult_base_new","EnumerationMultiSelect","991827","0","2024-04-22 20:16:58","2025-10-21 15:36:16","1","364799305053323264","apply_tab_consult_record_expertise",""
"221383422926595123","apply_tab_current_hospital_ward_type_code","默认获取当前院区的会诊类型","399622370,399622371,399622369","允许添加人员职级的会诊类型（支持复选）","98360","8888","inpatient_consult_base_new","EnumerationMultiSelect","991827","0","2024-04-22 20:16:58","2026-02-03 16:53:56","1","414889225851453440","apply_tab_current_hospital_ward_type_code",""
"277250457614876543","apply_tab_dept_scope_inpatient","住院会诊的科室白名单的范围参数","399623159","门诊会诊的科室白名单的范围参数","98360","1","inpatient_consult_permissions_new","EnumerationMultiSelect","991827","0","2024-04-22 20:16:58","2026-04-28 16:47:25","57393746696202243","365887153697406977","apply_tab_dept_scope_inpatient",""
"277250457614876542","apply_tab_dept_scope_outpatient","门诊会诊的科室白名单的范围参数","399623160","门诊会诊的科室白名单的范围参数","98360","1","inpatient_consult_permissions_new","EnumerationMultiSelect","991827","0","2024-04-22 20:16:58","2025-10-09 14:55:07","57393746696202243","365887254629138433","apply_tab_dept_scope_outpatient",""
"221383422926547112","apply_tab_dept_whitelist","是否启用会诊科室白名单","false","是否启用会诊科室白名单，是/否","98360","8888","inpatient_consult_base_new","boolean","991827","0","2024-04-22 20:16:58","2026-02-03 19:54:32","1","414889225851453440","apply_tab_dept_whitelist",""
"277250457614202213","apply_tab_display_area_type_code","邀请对象组件里显示院区的会诊分类（支持复选）","399622372,399622370","门诊","98360","1","inpatient_consult_permissions_new","EnumerationMultiSelect","991827","0","2024-04-22 20:16:58","2026-02-03 19:51:29","57393746696202243","414889225851453440","apply_tab_display_area_type_code",""
"121383422926542312","apply_tab_emergency_multi_white_list","急诊多学科会诊的科室白名单的范围参数","399623162","是否要求申请科室协助答复。是：开启，否：关闭。","98360","","inpatient_consult_base_new","EnumerationMultiSelect","991827","0","2024-04-22 20:16:58","2026-02-03 17:01:20","","414889225851453440","apply_tab_emergency_multi_white_list",""
"221383422926547012","apply_tab_expertise","申请会诊时受邀人员职级是否支持多选","true","申请会诊时受邀人员职级是否支持多选 设置值：是/否。默认是","98360","8888","inpatient_consult_base_new","boolean","991827","0","2024-04-22 20:16:58","2024-06-04 17:35:30","1","365887254629138433","apply_tab_expertise",""
"411383422926542312","apply_tab_invitation_applicant","会诊申请邀请对象支持选择申请科室的会诊分类","0000","会诊申请邀请对象支持选择申请科室的会诊分类","98360","8888","inpatient_consult_permissions_new","EnumerationMultiSelect","991827","0","2024-04-22 20:16:58","2026-02-03 17:03:24","8888","414889225851453440","apply_consult_invitation_applicant",""
"312250457614202512","apply_tab_invite_dept_param","会诊邀请科室的范围参数","399661756,256002","会诊邀请科室的范围参数","98360","1","inpatient_consult_permissions_new","EnumerationMultiSelect","991827","0","2024-04-22 20:16:58","2026-02-03 17:03:06","57393746696202243","414889225851453440","apply_tab_invite_dept_param",""
"321383422926677287","apply_tab_medical_advice_orientation","是否动态读取医嘱配置流向","true","是否动态读取医嘱配置流向","98360","8888","inpatient_consult_base_new","boolean","991827","0","2024-04-22 20:16:58","2024-04-22 20:16:58","1","57393641469503490","apply_tab_medical_advice_orientation",""
"221383422926547013","apply_tab_multilevel_dept","是否启用多级科室申请模式","false","是否启用多级科室申请模式：｛是，否｝，默认否","98360","8888","inpatient_consult_base_new","boolean","991827","0","2024-04-22 20:16:58","2024-04-22 20:16:58","1","57393641469503490","apply_tab_multilevel_dept",""
"271283422926597416","apply_tab_must_multiple_type","会诊邀请科室必须多选的会诊分类","399622371","会诊邀请科室必须多选的会诊分类","98360","8888","inpatient_consult_base_new","EnumerationMultiSelect","991827","0","2024-04-22 20:16:58","2026-02-03 16:55:02","1","414889225851453440","apply_tab_",""
"221383420926544361","apply_tab_open_consult_schedule","是否开启会诊排班参数","false","是否开启会诊排班参数","98360","8888","inpatient_consult_base_new","boolean","991827","0","2024-04-22 20:16:58","2026-02-03 19:54:27","1","414889225851453440","apply_tab_open_consult_schedule",""
"221383422926824132","apply_tab_open_dept_alias","住院申请会诊，会诊科室是否使用科室别名","false","住院申请会诊，会诊科室是否使用科室别名","98360","8888","inpatient_consult_base_new","boolean","991827","0","2024-04-22 20:16:58","2024-04-22 20:16:58","1","255480612717443072","apply_tab_open_dept_alias",""
"421383422926545241","apply_tab_open_virtual_dept","是否开启虚拟科室的参数","false","是否开启虚拟科室的参数","98360","","inpatient_consult_base_new","boolean","991827","0","2024-04-22 20:16:58","2025-07-27 22:30:19","","365887153697406977","apply_tab_",""
"277250457614876541","apply_tab_outpatient_dept_scope","门诊多学科会诊的科室白名单的范围参数","399623160","门诊多学科会诊的科室白名单的范围参数","98360","1","inpatient_consult_permissions_new","EnumerationMultiSelect","991827","0","2024-04-22 20:16:58","2025-10-09 14:45:36","57393746696202243","365887153697406977","apply_tab_outpatient_dept_scope",""
"277250457614712341","apply_tab_outpatient_expert_category_code","门诊多学科会诊的专家号别类型","399299135","门诊多学科会诊的科室白名单的范围参数","98360","1","inpatient_consult_permissions_new","EnumerationMultiSelect","991827","0","2024-04-22 20:16:58","2025-10-09 14:45:54","57393746696202243","365887153697406977","apply_tab_outpatient_expert_category_code",""
"277250457614202881","apply_tab_service_channel_399623159","住院申请页签展示的分类（默认开启）","399622370,399622371,399622369,399622372,399622373,399670173,399662180,399622374,399825040","住院","98360","1","inpatient_consult_permissions_new","EnumerationMultiSelect","991827","0","2024-04-22 20:16:58","2026-04-28 16:48:55","57393746696202243","365887153697406977","apply_tab_service_channel_399623159",""
"277250457614202880","apply_tab_service_channel_399623160","门诊申请页签展示的分类（默认开启）","399626401,399631278,399661817,399622371","门诊","98360","1","inpatient_consult_permissions_new","EnumerationMultiSelect","991827","0","2024-04-22 20:16:58","2026-02-02 18:16:40","57393746696202243","365887226711851009","apply_tab_service_channel_399623160",""
"277250457614202882","apply_tab_service_channel_399623161","护理申请页签展示的分类（默认开启）","399622372,399622370,399622371","护理","98360","1","inpatient_consult_permissions_new","EnumerationMultiSelect","991827","0","2024-04-22 20:16:58","2025-02-11 15:59:21","57393746696202243","365887153697406977","apply_tab_service_channel_399623161",""
"277250457614202883","apply_tab_service_channel_399623162","急诊申请页签展示的分类（默认开启）","399626906,399669560","急诊","98360","1","inpatient_consult_permissions_new","EnumerationMultiSelect","991827","0","2024-04-22 20:16:58","2025-07-23 13:39:58","57393746696202243","365887254629138433","apply_tab_service_channel_399623162",""
"311383422926543190","apply_tab_show_team_dept_and_doc","邀请对象组件里显示团队但不展示“科室/医生”的会诊类型","0000","邀请对象组件里显示团队但不展示“科室/医生”的会诊类型","98360","8888","inpatient_consult_permissions_new","EnumerationMultiSelect","991827","0","2024-07-21 12:11:19","2026-02-03 16:54:29","8888","414889225851453440","apply_tab_",""
"211383422926541227","assign_consult_employee_rule","  受邀科室指派会诊的人员职称规则","399471000,399470998,399470999,399471001","受邀科室指派会诊的人员职称规则","98360","8888","inpatient_consult_permissions_new","EnumerationMultiSelect","991827","0","2024-04-22 20:16:58","2025-09-11 14:08:20","8888","365887153697406977","assign_consult_employee_rule",""
"211383422926541228","assign_consult_rule","  受邀科室指派会诊的规则","a","a:只有受邀人可以指派会诊,b:受邀人上级人员可以指派会诊,c:诊疗组内的人员可以指派会诊,d:本科室内的人员可以指派会诊,e:受邀人及病区护士可以指派会诊","98360","8888","inpatient_consult_permissions_new","EnumerationSelect","991827","0","2024-04-22 20:16:58","2025-04-09 13:07:14","8888","364799305053323264","assign_consult_rule",""
"11090999201003","auto_sync_order_consult_type","自动同步会诊答复草稿医嘱的会诊类型","0000","参数说明：配置的会诊类型在未提交答复意见时，受邀医生开立草稿医嘱会自动同步到答复区域","98360","8888","inpatient_consult_permissions_new","EnumerationMultiSelect","991827","0","2025-12-18 11:30:30","2026-03-24 15:36:58","8888","365887153697406977","reply_consult_sync_order_consult_type",""
"211383422926541223","cancel_consult_dept_rule","  申请科室撤回会诊申请的规则","a","a:科室未审核的会诊申请单可以撤销,b:医务处/护理部未审核的会诊申请单可以撤销,c:未接收/撤销接收的会诊申请单可以撤销","98360","8888","inpatient_consult_permissions_new","EnumerationSelect","991827","0","2024-04-22 20:16:58","2025-02-10 22:58:32","8888","57393746696202243","cancel_consult_dept_rule",""
"211383422926541222","cancel_consult_employee_rule","  申请科室撤回会诊申请的人员规则","a","a:只有申请人可以撤销已发起的会诊申请,b:申请人和申请人的上级人员可以撤销已发起的会诊,c:诊疗组内的人员可以撤销已发起的会诊,d:本科室内的人员可以撤销已发起的会诊","98360","8888","inpatient_consult_permissions_new","EnumerationSelect","991827","0","2024-04-22 20:16:58","2025-02-10 22:58:32","8888","57393746696202243","cancel_consult_employee_rule",""
"211383422926541226","cancel_receive_employee_rule","  受邀科室撤销接收会诊的人员规则","a","a:只有接收人可以撤销接收的会诊,b:接收人和接收人的上级人员可以撤销接收的会诊,c:诊疗组内的人员可以撤销接收的会诊,d:本科室内的人员可以撤销接收的会诊","98360","8888","inpatient_consult_permissions_new","EnumerationSelect","991827","0","2024-04-22 20:16:58","2025-02-10 22:58:32","8888","57393746696202243","cancel_receive_employee_rule",""
"211383422926519261","cancel_receive_node_rule","  会诊撤销接收的节点规则","a","a:会诊未签到时可以撤销接收,b:会诊未提交答复时可以撤销接收,c:会诊撤回提交答复意见后可以撤销接收","98360","8888","inpatient_consult_permissions_new","enumeration","991827","0","2024-04-22 20:16:58","2025-10-17 16:35:37","8888","365887153697406977","cancel_receive_node_rule",""
"211383422926519262","cancel_receive_node_rule","  会诊撤销接收的节点规则","b","a:会诊未签到时可以撤销接收,b:会诊未提交答复时可以撤销接收,c:会诊撤回提交答复意见后可以撤销接收","98360","8888","inpatient_consult_base","enumeration","991827","0","2025-02-10 23:21:16","2025-04-21 10:07:43","8888","57393572750026754","",""
"311383422922518721","cancel_reply_consultant_type_code","撤销提交会诊答复需要向申请医生发起申请的会诊类型","0000","取会诊分类的术语“会诊记录单分类代码概念域（399622367）","98360","8888","inpatient_consult_permissions_new","EnumerationMultiSelect","991827","0","2025-12-15 18:09:49","2026-01-20 21:55:10","8888","288875763707441152","reply_consult_",""
"321383422926552671","consult_agent_reminder","会诊管理系统的待办日历是否展示邀请到科室的消息提醒","false","会诊管理系统的待办日历是否展示邀请到科室的消息提醒","98360","1","inpatient_consult_base_new","boolean","991827","0","2025-02-10 23:20:33","2025-03-07 15:13:28","1","255480612717443072","consult_short_message_",""
"211383422926541216","consult_authorization_001","会诊通用授权配置","{""authorizeContentDTO"":{""medicalRecordAuthorization"":""399467676"",""medicalRecordAuthorizationDetail"":[],""orderTemplateAuthorization"":""399467669"",""deptIds"":[""""],""doctorAdviceTypes"":[null],""medicalRecordType"":""399623159""},""authorizeDays"":7}","会诊授权配置","98360","8888","inpatient_consult_authorization_new","text","991827","0","2024-04-22 20:16:58","2025-12-17 15:03:32","57393667239307269","365887254629138433","consult_authorization_001",""
"211383422926541235","consult_authorization_second_confirm","  发起会诊是否需要二次确认业务授权内容","false","发起会诊是否需要二次确认业务授权内容false关闭，true开启","98360","8888","inpatient_consult_permissions_new","boolean","991827","0","2024-04-22 20:16:58","2025-09-26 16:02:29","8888","365887153697406977","consult_authorization_second_confirm",""
"5722100919992009964","consult_billing_config_employee","计费时传给HIS的记账人(不影响计费策略)","1","0:会诊答复医生,1:会诊申请医生","98360","","inpatient_consult_permissions_new","enumeration","991797","0","2025-04-07 10:02:12","2025-10-31 15:00:04","57393746696202243","351317041933774849","consult_billing_config_employee",""
"211383422926542165","consult_doctor_advice_cancel_prescribed_order","作废会诊或撤回申请时，是否直接作废会诊医嘱","true","false关闭，true开启","98360","8888","inpatient_consult_permissions_new","boolean","991827","0","2024-05-28 09:11:22","2025-09-28 16:20:11","8888","365887254629138433","consult_doctor_advice_",""
"412383422926541272","consult_doctor_advice_clinical_service_code","生成会诊医嘱关联的临床服务项的编码值","ZH05000000015","false关闭，true开启","98360","8888","inpatient_consult_permissions_new","EnumerationSelect","991827","0","2024-07-21 12:11:36","2025-09-26 16:03:05","8888","365887153697406977","consult_doctor_advice_",""
"211383422926541239","consult_doctor_advice_docimaster_create_switch","  检验师职务申请的会诊分类，是否开启生成会诊医嘱","false","false关闭，true开启","98360","8888","inpatient_consult_permissions_new","boolean","991827","0","2024-04-22 20:16:58","2024-04-22 20:16:58","8888","57393746696202243","consult_doctor_advice_docimaster_create_switch",""
"311383422926542212","consult_doctor_advice_med_insur_fee_ctrl","是否开启会诊费用医保审核的功能","false","false关闭，true开启","98360","8888","inpatient_consult_permissions_new","boolean","991827","0","2024-07-11 15:13:19","2025-02-12 17:04:07","8888","365887153697406977","consult_doctor_advice_",""
"211383422926541237","consult_doctor_advice_nurse_create_switch","  护士职务申请的会诊分类，是否开启生成会诊医嘱","true","false关闭，true开启","98360","8888","inpatient_consult_permissions_new","boolean","991827","0","2024-04-22 20:16:58","2025-09-26 15:16:13","8888","365887153697406977","consult_doctor_advice_nurse_create_switch",""
"221383422926541339","consult_doctor_advice_outpatient_create_switch","  门诊申请的会诊分类，是否开启生成会诊医嘱 ","true","false关闭，true开启","98360","8888","inpatient_consult_permissions_new","boolean","991827","0","2024-04-22 20:16:58","2025-10-30 17:50:06","8888","365887153697406977","consult_doctor_advice_outpatient_create_switch",""
"211383422926541238","consult_doctor_advice_pharmacist_create_switch","  药师职务申请的会诊分类，是否开启生成会诊医嘱","false","false关闭，true开启","98360","8888","inpatient_consult_permissions_new","boolean","991827","0","2024-04-22 20:16:58","2024-04-22 20:16:58","8888","57393746696202243","consult_doctor_advice_pharmacist_create_switch",""
"211383422926541236","consult_doctor_advice_write_switch","  开立会诊医嘱，是否填写会诊申请信息，并生成会诊记录单","true","开立会诊医嘱，是否填写会诊申请信息，并生成会诊记录单false关闭，true开启","98360","8888","inpatient_consult_permissions_new","boolean","991827","0","2024-04-22 20:16:58","2024-06-06 15:42:15","8888","365887153697406977","consult_doctor_advice_write_switch",""
"5723092716992009952","consult_employee_from_medical_department","是否开启从医务获取","false","是否开启从医务获取。是：开启，否：关闭。","98360","","inpatient_consult_base_new","boolean","991827","0","2024-04-22 20:16:58","2024-04-22 20:16:58","","255480612717443072","apply_tab_consult_employee_result",""
"480593912573079552","consult_invited_dept_399622370","科间会诊指定会诊科室（默认空）","360896232048246793,360896232048246794,360896232048246788,360896232048246799,360896232048246804,360896232048246806,360896232048246786","","98360","","inpatient_consult_base_new","EnumerationMultiSelect","991827","0","2026-02-03 16:59:41","2026-02-03 19:30:52","414889225851453440","414889225851453440","consult_invited_dept_",""
"114138342292658712","consult_review_can_audit_type_code","在开启会诊申请页签需要审核的情况下，只需要科主任审核的会诊分类","0000","取术语“会诊记录单分类代码概念域（399622367）”，支持复选，默认值为空","98360","8888","inpatient_consult_base_new","EnumerationMultiSelect","991827","0","2025-02-10 22:38:26","2025-12-04 21:56:13","1","365887254629138433","consult_review",""
"2319756611228581925","consult_short_message_audit_consult_type_code","会诊申请页签需要审核的分类（支持复选）","0000","下拉选择，支持复选，值为会诊申请页签术语，默认勾选为“多学科联合会诊、门诊多学科会诊、院外会诊”","98360","","inpatient_consult_base_new","EnumerationMultiSelect","991827","0","2024-04-22 20:16:58","2025-12-19 10:36:21","","414883502807531520","consult_short_message_audit_consult_type_code",""
"222383422926553421","consult_short_message_blood_glucose_address","通知血糖平台会诊消息的接口地址","http://127.0.0.1:10459","通知血糖平台会诊消息的接口地址","98360","1","inpatient_consult_base_new","text","991827","0","2024-07-21 11:58:47","2025-02-10 23:00:19","1","57393746696202243","consult_short_message_",""
"231383422926551972","consult_short_message_consultation_audit","是否开启多学科联合会诊的审核流程","false","开启/关闭。默认关闭","98360","1","inpatient_consult_base_new","boolean","991827","0","2024-04-22 20:16:58","2026-01-13 17:09:47","1","365887254629138433","consult_short_message_consultation_audit",""
"221383422926508263","consult_short_message_current_dept_msg","会诊消息提醒弹框是否只显示当前登录科室的会诊消息提醒","true","是：只显示当前登录科室的被邀请会诊消息提醒；否：显示用户所有权限科室的被邀请会诊消息提醒","98360","1","inpatient_consult_base_new","boolean","991827","0","2024-04-22 20:16:58","2025-10-21 15:16:10","1","364799305053323264","consult_short_message_current_dept_msg",""
"222383422926553921","consult_short_message_lark_app_id","飞书消息平台网关鉴权分配的appId"," ","飞书消息平台网关鉴权分配的appId","98360","1","inpatient_consult_base_new","text","991827","0","2024-04-22 20:16:58","2026-02-02 17:24:33","1","365887226711851009","consult_short_message_lark_app_id",""
"222383422926553922","consult_short_message_lark_app_key","飞书消息平台网关鉴权分配的appKey"," ","飞书消息平台网关鉴权分配的appKey","98360","1","inpatient_consult_base_new","text","991827","0","2024-04-22 20:16:58","2026-02-02 17:24:35","1","365887226711851009","consult_short_message_lark_app_key",""
"222383422926553924","consult_short_message_lark_robot_app_id","飞书消息机器人appId "," ","飞书消息机器人appId ","98360","1","inpatient_consult_base_new","text","991827","0","2024-04-22 20:16:58","2026-02-02 17:24:38","1","365887226711851009","consult_short_message_lark_robot_app_id",""
"222383422926553925","consult_short_message_lark_robot_msg_content","飞书消息内容的配置","0000","飞书消息平台网关鉴权分配的appId","98360","1","inpatient_consult_base_new","EnumerationSelect","991827","0","2024-04-22 20:16:58","2024-04-22 20:16:58","1","57393746696202243","consult_short_message_lark_robot_msg_content",""
"222383422926553923","consult_short_message_lark_sms_address","飞书消息平台网关鉴权的网关地址"," ","飞书消息平台网关鉴权分配的appKey","98360","1","inpatient_consult_base_new","text","991827","0","2024-04-22 20:16:58","2026-02-02 17:24:40","1","365887226711851009","consult_short_message_lark_sms_address",""
"6722100919992009978","consult_short_message_msg_code","短信模板代码（msgCode): 默认为空","111111","短信模板代码（msgCode): 默认为空","98360","","inpatient_consult_base_new","text","991827","0","2025-04-24 14:29:25","2025-07-12 17:01:42","1","365887153697406977","consult_short_message_msg_code",""
"362934526249287681","consult_short_message_number_source","会诊被邀访短信通知模式","0000","会诊被邀访短信通知模式    科室电话/手机号","98360","1","inpatient_consult_base_new","EnumerationSelect","991827","0","2024-04-22 20:16:58","2024-04-22 20:16:58","57393572750026754","57393572750026754","consult_short_message_number_source",""
"221383422926541236","consult_short_message_switch","全院会诊消息发送通道","a","a:短信,b:钉钉","98360","8888","inpatient_consult_common_self_defined","EnumerationMultiSelect","991827","0","2024-04-22 20:16:58","2025-10-29 18:09:28","8888","365887153697406977","consult_short_message_switch",""
"222383422926551972","consult_short_message_test_phone","会诊短信发送测试手机号码，多个号码之间用“,”隔开","151799598078","会诊短信发送测试手机号码，多个号码之间用“,”隔开","98360","1","inpatient_consult_base_new","text","991827","0","2024-04-22 20:16:58","2025-04-20 08:27:15","1","365887153697406977","consult_short_message_test_phone",""
"11090999201001","consult_sign_verification_code","会诊签到需要校验验证码的会诊场景设置","0","0000:无,0:住院邀请门诊","98360","8888","inpatient_consult_permissions_new","EnumerationSelect","991827","0","2025-10-11 09:49:18","2025-12-05 11:03:45","8888","365887254629138433","sign_in_consult_sign_verification_code",""
"311383422926505281","consult_signature_write","是否启用手写板CA签名","false","是否启用手写板CA签名","98360","1","inpatient_consult_base_new","boolean","991827","0","2025-02-10 22:22:31","2025-02-10 22:22:31","1","255480612717443072","consult_signature_",""
"362383422924517721","consult_signature_write_del","是否允许删除手写板CA签名","false","是否允许删除手写板CA签名","98360","1","inpatient_consult_base_new","boolean","991827","0","2025-02-10 22:22:31","2025-02-10 22:22:31","1","255480612717443072","consult_signature_",""
"321383422926541223","consult_status_display_apply","  会诊申请状态常规显示设置","399329838,399329839,399329840,399329841,399329842,399329843,399329844,399583869,399329845,399585476","会诊申请状态常规显示设置","98360","8888","inpatient_consult_base_new","EnumerationMultiSelect","991827","0","2024-04-22 20:16:58","2025-12-26 17:38:31","8888","365887153697406977","consult_status_display_apply",""
"321383422926541224","consult_status_display_invite","  会诊被邀状态常规显示设置","399462968,399462969,399582370,399462970,399462972,399464724","会诊被邀状态常规显示设置","98360","8888","inpatient_consult_base_new","EnumerationMultiSelect","991827","0","2024-04-22 20:16:58","2025-12-26 17:38:26","8888","365887153697406977","consult_status_display_invite",""
"221383422926552242","consult_time_limit_area","跨院区会诊的时限要求。设置值：数字（单位：分钟）","2880","跨院区会诊的时限要求。设置值：数字（单位：分钟）","98360","8888","inpatient_consult_base_new","number","991827","0","2024-04-22 20:16:58","2024-04-22 20:16:58","8888","57393572750026754","consult_time_limit_area",""
"211383422926541240","consult_time_limit_common","  常规会诊的时限要求。设置值：数字（单位：分钟）。","1","常规会诊的时限要求。设置值：数字（单位：分钟）。","98360","8888","inpatient_consult_base_new","number","991827","0","2024-04-22 20:16:58","2026-03-10 18:37:47","8888","365887153697406977","consult_time_limit_common",""
"211383422926541242","consult_time_limit_emergency","急会诊到现场的时限要求。设置值：数字（单位：分钟）。","1","急会诊到现场的时限要求。设置值：数字（单位：分钟）。","98360","8888","inpatient_consult_base_new","number","991827","0","2024-04-22 20:16:58","2026-03-10 18:36:41","8888","365887153697406977","consult_time_limit_emergency",""
"211383422926524514","consult_time_limit_exclude_holiday","超时计算规则需要排除节假日的会诊类型","0000","超时计算规则是否需要排除节假日的会诊类型","98360","8888","inpatient_consult_base_new","EnumerationMultiSelect","991827","0","2024-04-22 20:16:58","2024-04-22 20:16:58","8888","57393746696202243","consult_time_limit_exclude_holiday",""
"211383422926541241","consult_time_limit_multidisciplinary","  完成多学科联合会诊的时限要求。设置值：数字（单位：小时）。","19","完成多学科联合会诊的时限要求。设置值：数字（单位：小时）。","98360","8888","inpatient_consult_base_new","number","991827","0","2024-04-22 20:16:58","2024-04-22 20:16:58","8888","57393746696202243","consult_time_limit_multidisciplinary",""
"211383422926541243","consult_time_limit_other","  其他会诊到现场的时限要求。设置值：数字（单位：分钟）。","1","其他会诊到现场的时限要求。设置值：数字（单位：分钟）。","98360","8888","inpatient_consult_base_new","number","991827","0","2024-04-22 20:16:58","2026-03-10 18:36:40","8888","365887153697406977","consult_time_limit_other",""
"211383422926551241","consult_time_limit_reply","会诊患者后提交答复的时限要求。设置值：数字（单位：分钟）","1","会诊患者后提交答复的时限要求。设置值：数字（单位：分钟）","98360","8888","inpatient_consult_base_new","number","991827","0","2024-04-22 20:16:58","2026-03-10 18:35:12","8888","365887153697406977","consult_time_limit_reply",""
"221383422926552261","consult_time_limit_sign","会诊签到后不纳入超时的时限要求。设置值：数字（单位：分钟）","0","会诊签到后不纳入超时的时限要求。设置值：数字（单位：分钟）","98360","8888","inpatient_consult_base_new","number","991827","0","2024-04-22 20:16:58","2024-04-22 20:16:58","8888","57393572750026754","consult_time_limit_sign",""
"341383422926552942","consultation_assistant_config_invited_authority","受邀科室查看会诊辅助助手权限设置","a","不控制(b)/接收人查看(a)，默认接收人查看(a)","98360","1","inpatient_consult_base_new","EnumerationSelect","991827","0","2024-04-22 20:16:58","2025-08-12 13:59:33","1","365887153697406977","consultation_assistant_config_invited_authority",""
"331383422926552973","consultation_assistant_config_menu","会诊助手菜单参数设置","399627101,399627102,399627103,399627105,399627107,399627100,399825041","会诊助手菜单参数设置","98360","1","inpatient_consult_base_new","EnumerationMultiSelect","991827","0","2024-04-22 20:16:58","2026-04-16 15:38:05","1","365887153697406977","consultation_assistant_config_menu",""
"5723092716992009967","consultation_assistant_config_outpatient_url","院外翻拍的url路径"," ","院外翻拍的url路径","98360","1","inpatient_consult_base_new","text","991827","0","2024-05-28 09:10:45","2024-07-11 15:29:19","1","255480612717443072","consultation_assistant_config_menu",""
"6722100919992009980","consultation_audit_emergency_not_audit_consult_type_code","急会诊不需要审核的会诊类型设置（支持复选）","0000","下拉选择，支持复选，值为会诊申请页签术语”","98360","","inpatient_consult_permissions_new","EnumerationMultiSelect","991827","0","2025-07-15 09:02:18","2025-12-19 10:36:45","","414883502807531520","consultation_audit_new",""
"323383422926555014","consultation_emergency_api_address","急诊系统的post地址","http://172.16.0.173:17082","会诊助手菜单参数设置","98360","1","inpatient_consult_base_new","text","991827","0","2024-04-22 20:16:58","2025-02-10 21:21:42","1","57393746696202243","consultation_system_emergency_api_address",""
"323383422925412921","consultation_esb_api_address","会诊闭环esb的地址","http://172.17.1.94:26001/winninghiip","会诊闭环esb的地址","98360","1","inpatient_consult_base_new","text","991827","0","2024-07-21 11:34:50","2025-09-23 10:05:37","1","365887254629138433","consultation_system_emergency_",""
"2824517410819223458","consultation_expertise_concept_ids","允许参加会诊的技术职称","399471001,399471000,399471014,399470998,399470899,399470999,399470898","允许参加会诊的技术职称","98360","1","consultation_expertise_concept_ids","EnumerationMultiSelect","991827","0","2024-04-22 20:16:58","2025-08-13 14:20:42","1","57393746696202243","consultation_expertise_concept_ids",""
"433375122518858721","consultation_inpatient_diagnosis_api_address","5x住院诊断查询对接接口地址","http://172.17.1.251:9008/EMRCpoeV56Service.svc/Winexapi","5x住院诊断查询对接接口地址","98360","8888","inpatient_consult_base_new","text","991827","0","2025-08-06 11:30:07","2025-10-20 16:16:25","57393746696202243","313065599339208704","consultation_system_emergency_",""
"333375122518854159","consultation_inpatient_order_api_address","5x住院会诊医嘱对接接口地址","http://172.17.1.251:8006","5x住院会诊医嘱对接接口地址","98360","8888","inpatient_consult_base_new","text","991827","0","2025-08-06 11:30:07","2025-10-20 16:16:25","57393746696202243","313065599339208704","consultation_system_emergency_",""
"233375122518821032","consultation_inpatient_patient_api_address","5x住院会诊患者对接接口地址","http://172.17.1.251:8006","5x住院会诊对接接口地址","98360","8888","inpatient_consult_base_new","text","991827","0","2025-08-06 11:30:07","2025-10-20 16:16:25","57393746696202243","313065599339208704","consultation_system_emergency_",""
"318244275483802346","consultation_summary_399622370","科间会诊绑定的会诊总结数据组","334811650736125953","","98360","","inpatient_consult_base_new","EnumerationSelect","991827","0","2024-04-22 20:16:58","2024-06-05 13:40:52","255480612717443072","365887153697406977","consultation_summary_399622370",""
"414678519051128833","consultation_summary_399622371","多学科联合会诊绑定的会诊总结数据组（默认空）","334811650736125953","","98360","","inpatient_consult_base_new","EnumerationSelect","991827","0","2025-02-13 10:48:54","2025-02-13 10:48:54","365887153697406977","365887153697406977","consultation_summary_",""
"456088205717194752","consultation_summary_399622372","院外会诊绑定的会诊总结数据组（默认空）","334811650736125953","","98360","","inpatient_consult_base_new","EnumerationSelect","991827","0","2025-09-24 15:10:22","2025-09-24 15:10:22","365887153697406977","365887153697406977","consultation_summary_",""
"456088218602096640","consultation_summary_399622373","抗菌药物会诊绑定的会诊总结数据组（默认空）","334811650736125953","","98360","","inpatient_consult_base_new","EnumerationSelect","991827","0","2025-09-24 15:10:28","2025-09-24 15:10:28","365887153697406977","365887153697406977","consultation_summary_",""
"456088229339514881","consultation_summary_399622374","营养会诊绑定的会诊总结数据组（默认空）","334811650736125953","","98360","","inpatient_consult_base_new","EnumerationSelect","991827","0","2025-09-24 15:10:33","2025-09-24 15:10:33","365887153697406977","365887153697406977","consultation_summary_",""
"456088240076933120","consultation_summary_399626401","门诊会诊绑定的会诊总结数据组（默认空）","334811650736125953","","98360","","inpatient_consult_base_new","EnumerationSelect","991827","0","2025-09-24 15:10:38","2025-09-24 15:10:38","365887153697406977","365887153697406977","consultation_summary_",""
"456088289469057024","consultation_summary_399626906","急诊会诊绑定的会诊总结数据组（默认空）","334811650736125953","","98360","","inpatient_consult_base_new","EnumerationSelect","991827","0","2025-09-24 15:11:00","2025-09-24 15:11:00","365887153697406977","365887153697406977","consultation_summary_",""
"456088261551769601","consultation_summary_399631278","门诊多学科会诊绑定的会诊总结数据组（默认空）","334811650736125953","","98360","","inpatient_consult_base_new","EnumerationSelect","991827","0","2025-09-24 15:10:48","2025-09-24 15:10:48","365887153697406977","365887153697406977","consultation_summary_",""
"456088276584155137","consultation_summary_399661817","门诊MDT会诊绑定的会诊总结数据组（默认空）","334811650736125953","","98360","","inpatient_consult_base_new","EnumerationSelect","991827","0","2025-09-24 15:10:55","2025-09-24 15:10:55","365887153697406977","365887153697406977","consultation_summary_",""
"456088304501442560","consultation_summary_399669560","急诊多学科会诊绑定的会诊总结数据组（默认空）","334811650736125953","","98360","","inpatient_consult_base_new","EnumerationSelect","991827","0","2025-09-24 15:11:07","2025-09-24 15:11:07","365887153697406977","365887153697406977","consultation_summary_",""
"480578414183591936","consultation_summary_399690883","血糖会诊绑定的会诊总结数据组（默认空）","334811650736125953","","98360","","inpatient_consult_base_new","EnumerationSelect","991827","0","2026-02-03 14:59:23","2026-02-03 14:59:23","414883502807531520","414883502807531520","consultation_summary_",""
"5121383422926546998","consultation_system_desensitise","是否开启高客患者的脱敏设置","false","是否开启高客患者的脱敏设置，默认为否","98360","","inpatient_consult_base_new","boolean","991827","0","2024-07-21 11:30:46","2025-02-10 22:25:39","","255480612717443072","consultation_system_desensitise",""
"323383422926512345","consultation_system_support_mode","病历系统机构院区模式","399669164","病历系统多机构院区模式：单体医院、单机构多院区、多机构单院区、多机构多院区，默认单体医院","98360","1","common","EnumerationSelect","991827","0","2024-04-22 20:16:58","2025-12-24 10:16:49","1","365887153697406977"," ",""
"5722100909992009936","division_consult_dept_by_current_hospital_ward","科间会诊是否获取当前登录院区下的科室","false","科间会诊是否获取当前登录院区下的科室","98360","1","inpatient_consult_base_new","boolean","991827","0","2024-04-22 20:16:58","2024-04-22 20:16:58","240131550565398528","240131550565398528","apply_tab_invite",""
"211383422915210262","doctor_advice_consultant_type_code","在调度环境展示医嘱收费状态的会诊类型","0000","取会诊分类的术语“会诊记录单分类代码概念域（399622367）","98360","8888","inpatient_consult_permissions_new","EnumerationMultiSelect","991827","0","2025-02-10 23:17:54","2025-09-26 15:56:40","8888","365887153697406977","consult_doctor_advice_",""
"211383422926541232","edit_consult_apply_edit_employee","  会诊申请后，会诊记录单申请信息支持编辑后，编辑权限配置","a","a:只有申请人可以编辑,b:只有申请人和申请人的上级可编辑,c:只有医疗组可以编辑,d:本科室的人员可以编辑","98360","8888","inpatient_consult_permissions_new","EnumerationSelect","991827","0","2024-04-22 20:16:58","2025-09-26 15:35:04","8888","365887153697406977","edit_consult_apply_edit_employee",""
"138342292623412876","edit_consult_apply_edit_reply_applyer","  		会诊答复后，会诊记录单答复信息是否支持申请人编辑","true","会诊答复后，会诊记录单答复信息是否支持申请人编辑","98360","8888","inpatient_consult_permissions_new","boolean","991827","0","2024-04-22 20:16:58","2025-12-26 16:45:26","8888","365887226711851009","edit_consult_apply_edit_reply_applyer",""
"211383422926541231","edit_consult_apply_edit_switch","  会诊申请后，会诊记录单申请信息是否支持编辑（默认否）","true","会诊申请后，会诊记录单申请信息是否支持编辑（默认否）","98360","8888","inpatient_consult_permissions_new","boolean","991827","0","2024-04-22 20:16:58","2025-12-26 16:45:27","8888","365887226711851009","edit_consult_apply_edit_switch",""
"211383422926541234","edit_consult_reply_edit_employee","  会诊记录单的答复内容支持编辑后，编辑权限配置","a","a:支持申请人编辑会诊答复意见,b:支持申请人和申请人的上级编辑会诊答复意见,c:支持医疗组人员编辑答复意见,d:支持本科室的人员编辑答复意见","98360","8888","inpatient_consult_permissions_new","EnumerationSelect","991827","0","2024-04-22 20:16:58","2024-04-22 20:16:58","8888","57393746696202243","edit_consult_reply_edit_employee",""
"211383422926541233","edit_consult_reply_edit_switch","  会诊记录单的答复内容是否支持编辑（默认否）","false","会诊记录单的答复内容是否支持编辑（默认否）","98360","8888","inpatient_consult_permissions_new","boolean","991827","0","2024-04-22 20:16:58","2024-04-22 20:16:58","8888","57393746696202243","edit_consult_reply_edit_switch",""
"211383422926541204","evaluate_apply_dept","  是否开启申请科室评价会诊开启","true","是否开启申请科室评价会诊开启","98360","8888","inpatient_consult_base_new","boolean","991827","0","2024-04-22 20:16:58","2024-04-22 20:16:58","8888","57393746696202243","evaluate_apply_dept",""
"5723092716992009978","evaluate_auto_good_time_limit","会诊结束未评价的会诊单默认好评的时限设置","1448","设置值：数值，单位：小时。默认48小时","98360","8888","inpatient_consult_base_new","number","991827","0","2024-07-21 11:33:46","2025-02-18 13:28:34","8888","365887153697406977","evaluate_auto_good_time_limit",""
"211383422926541207","evaluate_content_visible","  是否开启申请科室和受邀科室评价内容互不可见（默认开启）","false","是否开启申请科室和受邀科室评价内容互不可见（默认开启）","98360","8888","inpatient_consult_base_new","boolean","991827","0","2024-04-22 20:16:58","2025-02-18 15:23:59","8888","365887254629138433","evaluate_content_visible",""
"211383422926541205","evaluate_invited_dept","  是否开启受邀科室评价会诊（默认开启）","true","是否开启受邀科室评价会诊（默认开启）","98360","8888","inpatient_consult_base_new","boolean","991827","0","2024-04-22 20:16:58","2024-04-22 20:16:58","8888","57393746696202243","evaluate_invited_dept",""
"211383422926541246","evaluate_medical_apply_doctor","  医务处对申请医生会诊评价绑定模板","266247962507116545","医务处对申请医生会诊评价绑定模板","98360","8888","inpatient_consult_evaluation","EnumerationSelect","991827","0","2024-04-22 20:16:58","2024-06-03 19:05:33","8888","365887254629138433","evaluate_medical_apply_doctor",""
"211383422926541206","evaluate_medical_dept","  是否开启医务科室评价会诊（默认开启）","false","是否开启医务科室评价会诊（默认开启）","98360","8888","inpatient_consult_base_new","boolean","991827","0","2024-04-22 20:16:58","2024-04-22 20:16:58","8888","57393746696202243","evaluate_medical_dept",""
"211383422926541247","evaluate_medical_invited_doctor","  医务处对会诊医生会诊评价绑定模板","266247999014338560","医务处对会诊医生会诊评价绑定模板","98360","8888","inpatient_consult_evaluation","EnumerationSelect","991827","0","2024-04-22 20:16:58","2024-06-03 19:05:36","8888","365887254629138433","evaluate_medical_invited_doctor",""
"211383422926545123","evaluate_open_service_channel","  开启评价功能的会诊分类（支持复选）","399622373,399622371,399622372,399661817,399631278,399670173,399669560,399622370","开启评价功能的会诊分类","98360","8888","inpatient_consult_base_new","EnumerationMultiSelect","991827","0","2024-04-22 20:16:58","2025-08-13 14:40:12","8888","365887153697406977","evaluate_open_service_channel",""
"211383422926541208","evaluate_order","  会诊结束后评价的先后顺序规则","b","a:评价的先后顺序：受邀科室、申请科室,b:评价无顺序要求","98360","8888","inpatient_consult_base_new","EnumerationSelect","991827","0","2024-04-22 20:16:58","2025-02-10 22:58:32","8888","57393746696202243","evaluate_order",""
"211383422926541244","evaluate_template_apply_doctor","  申请医生会诊评价绑定模板","266247962507116545","申请医生会诊评价绑定模板","98360","8888","inpatient_consult_evaluation","EnumerationSelect","991827","0","2024-04-22 20:16:58","2024-06-03 19:05:27","8888","365887254629138433","evaluate_apply_doctor",""
"211383422926541245","evaluate_template_invited_doctor","  会诊医生会诊评价绑定模板","266247999014338560","会诊医生会诊评价绑定模板","98360","8888","inpatient_consult_evaluation","EnumerationSelect","991827","0","2024-04-22 20:16:58","2024-06-03 19:05:29","8888","365887254629138433","evaluate_invited_doctor",""
"211383422926541209","evaluate_time_limit","  会诊评价的时限规则","c","a:患者出区前可以评价，出区后不可以评价,b:患者出区后，会诊记录单召回后可以评价,c:会诊评价无时限要求","98360","8888","inpatient_consult_base_new","EnumerationSelect","991827","0","2024-04-22 20:16:58","2025-02-10 22:58:32","8888","57393746696202243","evaluate_time_limit",""
"333993185573829615","gpt_config_COPILOT_ADDRESS","非流式对接地址","0000","参数可不配，后续废弃，使用【链接copilot客户端模式配置】及【设置客户端接口地址】配置即可","98360","","gpt_config","text","991827","0","2025-03-07 15:22:11","2026-02-06 13:51:48","255481783078281216","255481783078281216","",""
"333993185573829614","gpt_config_EMR_CHECK_MONITOR","一致性校验文书类型","0000","哪些监控类型的文书，提交病历时调用Copilot业务接口，extractType=EMR_CONSISTENCY_CHECK_EXTRACT，设置值{病历监控类型}，支持多选，默认为空","98360","","gpt_config","EnumerationMultiSelect_MONITORING","991827","0","2025-03-07 15:22:09","2025-04-21 10:12:34","255481783078281216","255481783078281216","",""
"333993185573829612","gpt_config_EMR_EXTRACT_API","业务对接地址","http://10.0.0.137:19080/api/v1/copilot/emr/extract","Copilot业务对接接口地址，设置值：文本，默认为空","98360","","gpt_config","text","991827","0","2024-07-21 12:11:28","2025-02-25 13:51:54","255481783078281216","360300928106184705","",""
"333993185573829613","gpt_config_EMR_EXTRACT_MONITOR","业务对接文书类型","all","哪些监控类型的文书，提交病历时调用Copilot业务接口，设置值{病历监控类型}，支持多选，默认为空","98360","","gpt_config","EnumerationMultiSelect_MONITORING","991827","0","2024-07-21 12:11:28","2025-02-25 13:52:07","255481783078281216","360300928106184705","",""
"333993185573829611","gpt_config_EMR_EXTRACT_ON_OFF","业务对接开关","true","提交病历时是否调用Copilot业务接口，设置值：{是，否}，默认否","98360","","gpt_config","boolean","991827","0","2024-07-21 12:11:28","2025-02-25 13:52:26","255481783078281216","360300928106184705","",""
"311383422926544602","in_ward_patient_fill_apply_type","在区患者允许补录会诊申请单的会诊分类","0000","为空时即所有会诊分类都不允许补录会诊申请单","98360","8888","inpatient_consult_permissions_new","EnumerationMultiSelect","991827","0","2025-10-28 16:52:32","2025-12-04 14:57:50","8888","414883502807531520","apply_consult_",""
"211383422126541222","inpatient_consult_order_apply_date_switch","住院会诊医嘱的开始时间取值","0","0:申请单提交时间,1:模板申请时间","98360","8888","inpatient_consult_permissions_new","EnumerationSelect","991827","0","2024-04-22 20:16:58","2025-09-29 14:29:47","8888","365887299726295041","consult_doctor_advice_",""
"211383422926541224","invalid_consult_rule","  申请科室作废会诊的职称规则","a","a:只有申请人可以作废已发起的会诊申请,b:申请人和申请人的上级人员可以作废已发起的会诊,c:诊疗组内的人员可以作废已发起的会诊,d:本科室内的人员可以作废已发起的会诊","98360","8888","inpatient_consult_permissions_new","EnumerationSelect","991827","0","2024-04-22 20:16:58","2025-02-10 22:58:32","8888","57393746696202243","invalid_consult_rule",""
"5723092716992009962","invited_dept_sms_message_switch","会诊只邀请科室情况下，钉钉消息是否发送给科室下所有人员","false","开启/关闭。默认关闭","98360","1","inpatient_consult_base_new","boolean","991827","0","2024-04-22 20:16:58","2024-04-22 20:16:58","1","255480612717443072","consult_short_message_invited_dept_switch",""
"11090999201002","invited_interface_config","会诊受邀界面默认定位页签","0","0:我的受邀,1:科室受邀","98360","","inpatient_consult_permissions_new","EnumerationSelect","991827","0","2025-10-23 18:37:12","2026-02-03 10:35:11","57393746696202243","365887226711851009","consult_invited_display_invited_interface_config",""
"5722100909992009933","link_gpt_switch","是否对接GPT模型","true","是否对接GPT模型，选项{是，否}，默认为否","98360","8888","common","boolean","991827","0","2024-04-22 20:16:58","2025-04-28 14:32:18","8888","366672780525256705","",""
"5723092716992009963","multi_consult_invited_dept_least_number","多学科联合会诊邀请科室的最少数量","1","多学科联合会诊邀请科室的最少数量","98360","","inpatient_consult_base_new","text","991827","0","2024-04-22 20:16:58","2024-06-05 14:05:43","","365887153697406977","apply_tab_multi_consult_invited_dept_least_number",""
"5723092716992009956","multi_consult_least_invited_doctor_number","多学科联合会诊邀请人员的最少数量"," ","多学科联合会诊邀请人员的最少数量","98360","","inpatient_consult_base_new","text","991827","0","2024-04-22 20:16:58","2024-04-22 20:16:58","","149383352011524101","apply_tab_multi_consult_least_invited_doctor_number",""
"5723092716992009957","normal_consult_apply_time_limit","发起常规会诊的时间范围要求"," ","发起常规会诊的时间范围要求","98360","","inpatient_consult_base_new","time","991827","0","2024-04-22 20:16:58","2025-02-10 23:00:33","","149383352011524101","consult_time_limit_tab_normal_consult",""
"213213422925431292","open_patient_secret_level","是否启用用户查询保密患者的功能","false","是否启用用户查询保密患者的功能","98360","1","inpatient_consult_base_new","boolean","991827","0","2025-02-10 22:24:00","2025-04-21 09:55:33","1","57393746696202243","consultation_system_emergency_",""
"367547817835040769","opinion_399622369","科内会诊绑定的会诊意见数据组（默认空）","185595634309230593","","98360","","inpatient_consult_base_new","EnumerationSelect","991827","0","2024-06-04 10:26:31","2024-06-04 10:26:31","365887254629138433","365887254629138433","opinion_",""
"367547839309877248","opinion_399622370","科间会诊绑定的会诊意见数据组（默认空）","185595634309230593","","98360","","inpatient_consult_base_new","EnumerationSelect","991827","0","2024-06-04 10:26:41","2025-10-13 19:53:44","365887254629138433","364799305053323264","opinion_",""
"367547858637230080","opinion_399622371","多学科联合会诊绑定的会诊意见数据组（默认空）","1656956281543458816","","98360","","inpatient_consult_base_new","EnumerationSelect","991827","0","2024-06-04 10:26:49","2024-06-04 10:26:49","365887254629138433","365887254629138433","opinion_",""
"367547877964582912","opinion_399622372","院外会诊绑定的会诊意见数据组（默认空）","221386101446656002","","98360","","inpatient_consult_base_new","EnumerationSelect","991827","0","2024-06-04 10:26:59","2025-07-28 14:34:49","365887254629138433","365887254629138433","opinion_",""
"414347752882245632","opinion_399622373","抗菌药物会诊绑定的会诊意见数据组（默认空）","427550568249411584","","98360","","inpatient_consult_base_new","EnumerationSelect","991827","0","2025-02-11 16:01:49","2025-04-23 19:54:07","365887153697406977","364799305053323264","opinion_",""
"460209531780589568","opinion_399622374","营养会诊绑定的会诊意见数据组（默认空）","185595634309230593","","98360","","inpatient_consult_base_new","EnumerationSelect","991827","0","2025-10-16 20:16:04","2025-10-16 20:16:04","365887153697406977","365887153697406977","opinion_",""
"414347611148324864","opinion_399626401","门诊会诊绑定的会诊意见数据组（默认空）","185595634309230593","","98360","","inpatient_consult_base_new","EnumerationSelect","991827","0","2025-02-11 16:00:43","2025-02-11 16:00:43","365887153697406977","365887153697406977","opinion_",""
"414347705637605377","opinion_399626906","急诊会诊绑定的会诊意见数据组（默认空）","185595634309230593","","98360","","inpatient_consult_base_new","EnumerationSelect","991827","0","2025-02-11 16:01:27","2025-02-11 16:01:27","365887153697406977","365887153697406977","opinion_",""
"414347647655546880","opinion_399631278","门诊多学科会诊绑定的会诊意见数据组（默认空）","1656956281543458816","","98360","","inpatient_consult_base_new","EnumerationSelect","991827","0","2025-02-11 16:00:59","2025-02-11 16:00:59","365887153697406977","365887153697406977","opinion_",""
"414347684162768896","opinion_399661817","门诊MDT会诊绑定的会诊意见数据组（默认空）","1656956281543458816","","98360","","inpatient_consult_base_new","EnumerationSelect","991827","0","2025-02-11 16:01:17","2025-02-11 16:01:17","365887153697406977","365887153697406977","opinion_",""
"414347731407409152","opinion_399669560","急诊多学科会诊绑定的会诊意见数据组（默认空）","1656956281543458816","","98360","","inpatient_consult_base_new","EnumerationSelect","991827","0","2025-02-11 16:01:39","2025-02-11 16:01:39","365887153697406977","365887153697406977","opinion_",""
"444951450007947265","opinion_399670173","住院MDT会诊绑定的会诊意见数据组（默认空）","450687009464633345","","98360","","inpatient_consult_base_new","EnumerationSelect","991827","0","2025-07-26 14:37:45","2025-08-26 12:36:37","365887226711851009","414883502807531520","opinion_",""
"496177653798285312","opinion_399825040","远程会诊绑定的会诊意见数据组（默认空）","185595634309230593","","98360","","inpatient_consult_base_new","EnumerationSelect","991827","0","2026-04-28 16:45:26","2026-04-28 16:45:26","365887153697406977","365887153697406977","opinion_",""
"456088113375602688","patient_origin_399623159","住院会诊患者来源（默认空）","1","1: WiNEX60，2:非WiNEX60。默认参数WiNEX60","98360","","consult_channel_patient_origin","EnumerationSelect","991827","0","2025-09-24 15:09:39","2025-09-24 15:09:39","365887153697406977","365887153697406977","patient_origin_",""
"456088134850439168","patient_origin_399623160","门诊会诊患者来源（默认空）","1","1: WiNEX60，2:非WiNEX60。默认参数WiNEX60","98360","","consult_channel_patient_origin","EnumerationSelect","991827","0","2025-09-24 15:09:49","2025-09-24 15:09:49","365887153697406977","365887153697406977","patient_origin_",""
"456088145587857408","patient_origin_399623161","护理会诊患者来源（默认空）","1","1: WiNEX60，2:非WiNEX60。默认参数WiNEX60","98360","","consult_channel_patient_origin","EnumerationSelect","991827","0","2025-09-24 15:09:53","2025-09-24 15:09:53","365887153697406977","365887153697406977","patient_origin_",""
"369960779854057473","patient_origin_399623162","急诊会诊患者来源（默认空）","1","1: WiNEX60，2:非WiNEX60。默认参数WiNEX60","98360","","consult_channel_patient_origin","EnumerationSelect","991827","0","2024-06-17 10:33:33","2024-06-17 10:33:33","365887153697406977","365887153697406977","patient_origin_",""
"411383422926654131","receive_consult_arrival_time","新增计划到场时间的会诊分类","399622370,399622369,399622372,399670173,399661817,399662180,399669560,399679942,399670175,399690883,399692785,399622371,399622373,399622374,399622375,399626401,399626402","新增计划到场时间的会诊分类","98360","8888","inpatient_consult_permissions_new","EnumerationMultiSelect","991827","0","2024-04-22 20:16:58","2026-03-26 14:59:03","8888","365887153697406977","receive_consult_arrival_time",""
"211383422926541225","receive_consult_employee_rule","  受邀科室接收会诊的人员规则","399470998,399471000,399470999,399471001,399470898,399470899","受邀科室接收会诊的人员规则","98360","8888","inpatient_consult_permissions_new","EnumerationMultiSelect","991827","0","2024-04-22 20:16:58","2025-09-08 11:46:13","8888","365886878819500032","receive_consult_employee_rule",""
"211383422926531226","receive_consult_manager_hospital_assign","  是否开启院总指派后才能接收会诊 ","false","开启/关闭。默认关闭","98360","8888","inpatient_consult_permissions_new","boolean","991827","0","2024-04-22 20:16:58","2025-10-21 18:09:35","8888","365887153697406977","receive_consult_manager_hospital_assign",""
"211383422926546129","reply_consult_automatic_submit","  患者出区是否自动提交会诊记录单","false","患者出区是否自动提交会诊记录单","98360","8888","inpatient_consult_permissions_new","boolean","991827","0","2024-04-22 20:16:58","2024-04-22 20:16:58","8888","57393746696202243","reply_consult_automatic_submit",""
"211383422926542231","reply_consult_cancel_submit_switch","提交答复后是否支持撤销提交继续修改","false","提交答复后是否支持撤销提交继续修改。设置值：是/否。默认是","98360","8888","inpatient_consult_permissions_new","boolean","991827","0","2024-04-22 20:16:58","2026-02-05 19:13:28","8888","365887153697406977","reply_consult_cancel_submit_switch",""
"211383422922519321","reply_consult_close_consultant_type_code","  		开启协助答复后需要关闭会诊人员答复的会诊分类","0000","取会诊分类的术语“会诊记录单分类代码概念域（399622367）","98360","8888","inpatient_consult_permissions_new","EnumerationMultiSelect","991827","0","2024-04-22 20:16:58","2026-02-05 19:13:30","8888","365887153697406977","reply_consult_close_consultant_type_code",""
"6722100919992009974","reply_consult_conclusion_consultant_type_code","展示会诊结论意见书的会诊类型","399622370,399622373","展示会诊结论意见书的会诊类型","98360","","inpatient_consult_permissions_new","EnumerationMultiSelect","991827","0","2025-02-10 22:20:44","2026-03-06 15:25:10","1","365887153697406977","reply_consult_conclusion_consultant_type_code",""
"211383422926541229","reply_consult_employee_rule","  受邀科室答复会诊的人员规则","a","a:支持接收会诊的人员答复,b:支持接收会诊的人员及上级人员答复,c:支持接收会诊的人员及所在医疗组的人员答复,d:支持接收会诊的人员及所在科室的人员答复","98360","8888","inpatient_consult_permissions_new","EnumerationSelect","991827","0","2024-04-22 20:16:58","2025-02-10 22:58:32","8888","57393746696202243","reply_consult_employee_rule",""
"5722100919992009951","reply_consult_mdt_rule","MDT会诊的答复模式","c","a:申请方答复,b:会诊人员答复,c:首席专家答复,d:秘书答复","98360","8888","inpatient_consult_permissions_new","EnumerationSelect","991827","0","2024-04-22 20:16:58","2025-12-21 15:09:19","8888","414883502807531520","reply_consult_mdt_rule",""
"211383422922541231","reply_consult_must_sign_in","  新增会诊答复是否必须签到参数","c","a:强提醒,b:弱提醒,c:不提醒","98360","8888","inpatient_consult_permissions_new","EnumerationSelect","991827","0","2024-04-22 20:16:58","2026-02-05 19:13:32","8888","365887153697406977","reply_consult_must_sign_in",""
"211383422926542232","reply_consult_opinion_permissions","  会诊答复模式(提交/撤销提交答复模式:true,补充答复和申请修改模式:false)","true","会诊答复模式(提交/撤销提交答复模式:true,补充答复和申请修改模式:false)。默认提交/撤销提交答复模式","98360","8888","inpatient_consult_permissions_new","boolean","991827","0","2024-04-22 20:16:58","2026-02-05 19:18:47","8888","365887299726295041","reply_consult_idea_permissions",""
"211383422926541230","reply_consult_over_rule","  会诊完成的操作方式","a","a:申请科室提交操作,b:受邀科室提交操作","98360","8888","inpatient_consult_permissions_new","EnumerationSelect","991827","0","2024-04-22 20:16:58","2025-12-12 17:00:25","8888","365887254629138433","reply_consult_over_rule",""
"5723092716992009954","same_dept_multi_invited","会诊邀请对象组件里允许同一个科室被多次选择的会诊类型","0000","会诊邀请对象组件里允许同一个科室被多次选择的会诊类型","98360","8888","inpatient_consult_base_new","EnumerationMultiSelect","991827","0","2024-04-22 20:16:58","2025-12-05 10:35:15","255480612717443072","365887254629138433","apply_tab_same_dept_multi_invited",""
"278193787037726721","service_channel_399623159","住院申请页签展示的分类","399622370,399622369","住院申请页签展示的分类","98360","8888","inpatient_consult_permissions_new","EnumerationMultiSelect","991827","0","2024-04-22 20:16:58","2024-04-22 20:16:58","255481783078281216","255481783078281216","service_channel_399623159",""
"288193787037726723","service_channel_399623160","门诊申请页签展示的分类","399622370,399622369","门诊申请页签展示的分类","98360","8888","inpatient_consult_permissions_new","EnumerationMultiSelect","991827","0","2024-04-22 20:16:58","2024-04-22 20:16:58","255481783078281216","255481783078281216","service_channel_399623160",""
"211383422926098762","sign_in_billing_consult_type","  会诊签到需要计费的会诊类型（支持复选）","399622370","会诊签到需要计费的会诊类型（支持复选）","98360","8888","inpatient_consult_base_new","EnumerationMultiSelect","991827","0","2024-04-22 20:16:58","2025-12-15 14:04:09","8888","365887153697406977","sign_in_billing_consult_type",""
"212383422926541343","sign_in_check_password_switch","会诊签到是否需要校验密码 设置值：是/否，默认为是","false","会诊签到是否需要校验密码 设置值：是/否，默认为是","98360","8888","inpatient_consult_base_new","boolean","991827","0","2024-04-22 20:16:58","2025-09-16 14:04:52","8888","364799305053323264","sign_in_check_password_switch",""
"211383422926541203","sign_in_class","  会诊申请页签需要签到的分类（支持复选）","399626401,399670173,399622370","会诊申请页签需要签到的分类（支持复选）","98360","8888","inpatient_consult_base_new","EnumerationMultiSelect","991827","0","2024-04-22 20:16:58","2026-02-05 16:30:44","8888","365887153697406977","sign_in_class",""
"211383422926541211","sign_in_consult_level","会诊申请单中不需要签到的会诊级别","0000","0000:无,977577:平会诊（常规会诊）,977578:急会诊","98360","","inpatient_consult_permissions_new","EnumerationSelect","991827","0","2025-07-12 17:01:59","2025-12-04 19:38:30","57393746696202243","414883502807531520","sign_in_consult_level",""
"211383422926531203","sign_in_success_reply","是否开启签到成功后才能答复会诊 参数设置值：开启/关闭，默认关闭","true","是否开启签到成功后才能答复会诊 参数设置值：开启/关闭，默认关闭","98360","8888","inpatient_consult_base_new","boolean","991827","0","2024-04-22 20:16:58","2026-02-05 16:30:40","8888","365887153697406977","sign_in_success_reply",""
"211383422926541202","sign_in_switch","是否开启会诊人员的签到功能（默认开启）","true","是否开启会诊人员的签到功能（默认开启）","98360","8888","inpatient_consult_base_new","boolean","991827","0","2024-04-22 20:16:58","2026-02-05 16:30:40","8888","365887153697406977","sign_in_switch",""
"262941093301843969","template_399622370","科间会诊绑定的会诊记录单","459649768692762624","科间会诊","98360","8888","inpatient_consult_base_new","EnumerationSelect","991827","0","2024-04-22 20:16:58","2025-10-13 19:53:52","57393572750026754","364799305053323264","template_399622370",""
"262934526249287680","template_399622371","多学科联合会诊绑定的会诊记录单","414346399967209483","多学科联合会诊","98360","8888","inpatient_consult_base_new","EnumerationSelect","991827","0","2024-04-22 20:16:58","2025-02-11 15:54:08","57393572750026754","365887153697406977","template_399622371",""
"262941604402952193","template_399622372","院外会诊绑定的会诊记录单","449981455859566592","院外会诊","98360","8888","inpatient_consult_base_new","EnumerationSelect","991827","0","2024-04-22 20:16:58","2025-08-22 17:16:31","57393572750026754","365887254629138433","template_399622372",""
"262934582083862528","template_399622373","抗菌药物会诊绑定的会诊记录单","450723263283578880","抗菌药物会诊","98360","8888","inpatient_consult_base_new","EnumerationSelect","991827","0","2024-04-22 20:16:58","2025-08-26 17:15:37","57393572750026754","414888916613808129","template_399622373",""
"262941000960047105","template_399622374","营养会诊绑定的会诊记录单","414346402114693130","营养会诊","98360","8888","inpatient_consult_base_new","EnumerationSelect","991827","0","2024-04-22 20:16:58","2025-10-16 20:15:48","57393572750026754","365887153697406977","template_399622374",""
"262941041762236416","template_399622375","家床会诊绑定的会诊记录单","0000","家床会诊","98360","8888","inpatient_consult_base_new","EnumerationSelect","991827","0","2024-04-22 20:16:58","2024-04-22 20:16:58","57393572750026754","57393572750026754","template_399622375",""
"414345399240167424","template_399626401","门诊会诊绑定的会诊记录单","414346402114693136","门诊会诊","98360","","inpatient_consult_base_new","EnumerationSelect","991827","0","2025-02-11 15:43:32","2025-02-11 15:54:14","365887153697406977","365887153697406977","template_",""
"414347250371072001","template_399626906","急诊会诊绑定的会诊记录单","414346402114693130","急诊会诊","98360","","inpatient_consult_base_new","EnumerationSelect","991827","0","2025-02-11 15:57:55","2025-02-11 15:57:55","365887153697406977","365887153697406977","template_",""
"414346842349178881","template_399631278","门诊多学科会诊绑定的会诊记录单","414346399967209483","门诊多学科会诊","98360","","inpatient_consult_base_new","EnumerationSelect","991827","0","2025-02-11 15:54:44","2025-02-11 15:54:44","365887153697406977","365887153697406977","template_",""
"414347310500614145","template_399661817","门诊MDT会诊绑定的会诊记录单","414346399967209476","门诊MDT会诊","98360","","inpatient_consult_base_new","EnumerationSelect","991827","0","2025-02-11 15:58:23","2025-09-29 18:48:04","365887153697406977","364799305053323264","template_",""
"414347190241529856","template_399669560","急诊多学科会诊绑定的会诊记录单","414346402114693135","急诊多学科会诊","98360","","inpatient_consult_base_new","EnumerationSelect","991827","0","2025-02-11 15:57:27","2025-02-11 15:57:27","365887153697406977","365887153697406977","template_",""
"442738633464924161","template_399670173","住院MDT会诊绑定的会诊记录单","449966494340990976","住院MDT会诊","98360","","inpatient_consult_base_new","EnumerationSelect","991827","0","2025-07-14 16:24:03","2025-10-24 18:59:57","365887153697406977","365887153697406977","template_",""
"496177686010540033","template_399825040","远程会诊绑定的会诊记录单","449981455859566592","远程会诊","98360","","inpatient_consult_base_new","EnumerationSelect","991827","0","2026-04-28 16:45:41","2026-04-28 16:50:39","365887153697406977","365887153697406977","template_",""
"572210091999200912","tripartite_consult_address","院外会诊地址","","院外会诊地址","98360","","common","text","991827","0","2025-08-14 12:58:21","2025-09-10 15:37:25","57393746696202243","57393746696202243","",""
"521383437821556182","tripartite_consult_open_flag","院外会诊是否启用","true","院外会诊开关配置信息","98360","","common","boolean","991827","0","2025-08-14 12:58:21","2025-09-10 15:37:25","255481783078281216","255481783078281216"," ",""
"5723092716992009953","ward_round_docking_method","移动查房对接方式","1","移动查房对接方式;页面集成:1,接口集成:2","98360","1","common","EnumerationSelect","991827","0","2024-04-22 20:16:58","2025-02-10 23:00:14","1","57393746696202243","",""
